Asahi,日本,20,名詞

Asahi,７０,1,名詞

Asahi,主張,1,名詞

Asahi,右手,1,名詞

Asahi,硫黄島,1,名詞

Asahi,幹事,2,名詞

Asahi,歴史,8,名詞

Asahi,表明,2,名詞

Asahi,巡っ,1,動詞

Asahi,正当化,1,名詞

Asahi,１５,17,名詞

Asahi,感謝,11,名詞

Asahi,孝興,1,名詞

Asahi,盟友,1,名詞

Asahi,アジア局,1,名詞

Asahi,小泉進次郎,2,名詞

Asahi,参事官,1,名詞

Asahi,方,1,名詞

Asahi,９０,3,名詞

Asahi,首相,44,名詞

Asahi,知り合っ,1,動詞

Asahi,メンバー,1,名詞

Asahi,テレビ,1,名詞

Asahi,中,3,名詞

Asahi,可能性,1,名詞

Asahi,さいたま市,2,名詞

Asahi,分から,1,動詞

Asahi,知ら,1,動詞

Asahi,延期,1,名詞

Asahi,３１,1,名詞

Asahi,頃,2,名詞

Asahi,踏み切り,1,動詞

Asahi,改定,1,名詞

Asahi,記者会見,8,名詞

Asahi,見送る,4,動詞

Asahi,午前,9,名詞

Asahi,我,1,名詞

Asahi,当たり前,1,名詞

Asahi,参拝,115,名詞

Asahi,政教分離,2,名詞

Asahi,新藤,2,名詞

Asahi,亡くなっ,4,動詞

Asahi,定める,1,動詞

Asahi,始まり,1,動詞

Asahi,全国,1,名詞

Asahi,会議,9,名詞

Asahi,しんし,1,名詞

Asahi,兵士,1,名詞

Asahi,焦土,1,名詞

Asahi,脇,1,名詞

Asahi,記事,1,名詞

Asahi,最小限,2,名詞

Asahi,爆撃機,1,名詞

Asahi,閣僚,30,名詞

Asahi,感じる,1,動詞

Asahi,あっ,1,動詞

Asahi,１８,4,名詞

Asahi,遺族会,5,名詞

Asahi,けが,1,名詞

Asahi,畑内,1,名詞

Asahi,上空,1,名詞

Asahi,訪問,1,名詞

Asahi,行動,2,名詞

Asahi,ネット,1,名詞

Asahi,山本,1,名詞

Asahi,ガラス,1,名詞

Asahi,名義,1,名詞

Asahi,自由,5,名詞

Asahi,環境,4,名詞

Asahi,できる,1,動詞

Asahi,武田肇,1,名詞

Asahi,中央,1,名詞

Asahi,打ちひしが,1,動詞

Asahi,社会,1,名詞

Asahi,安倍晋三,17,名詞

Asahi,答弁書,1,名詞

Asahi,対し,3,動詞

Asahi,首脳,7,名詞

Asahi,もの,7,名詞

Asahi,訪れる,1,動詞

Asahi,主義,2,名詞

Asahi,思っ,3,動詞

Asahi,英霊,7,名詞

Asahi,瑶子,1,名詞

Asahi,加わっ,1,動詞

Asahi,さくれつ,1,名詞

Asahi,お約束,1,名詞

Asahi,発足,3,名詞

Asahi,東京都,4,名詞

Asahi,九段,1,名詞

Asahi,拉致,11,名詞

Asahi,亡くし,1,動詞

Asahi,憲法,4,名詞

Asahi,喜ん,2,動詞

Asahi,提唱,1,名詞

Asahi,こと,30,名詞

Asahi,年内,1,名詞

Asahi,それぞれ,3,名詞

Asahi,分祀,7,名詞

Asahi,行っ,1,動詞

Asahi,感じ,1,動詞

Asahi,両国,6,名詞

Asahi,秩序,1,名詞

Asahi,塩崎恭久,2,名詞

Asahi,過ぎ,2,動詞

Asahi,指示,2,名詞

Asahi,連合会,4,名詞

Asahi,関,7,名詞

Asahi,真剣,1,名詞

Asahi,両氏,1,名詞

Asahi,海外,1,名詞

Asahi,つくっ,1,動詞

Asahi,行う,2,動詞

Asahi,避ける,1,動詞

Asahi,高等,1,名詞

Asahi,誠,9,名詞

Asahi,する,2,動詞

Asahi,意欲,1,名詞

Asahi,せんこう,1,名詞

Asahi,タイミング,1,名詞

Asahi,存立,1,名詞

Asahi,２３,8,名詞

Asahi,争う,1,動詞

Asahi,論評,3,名詞

Asahi,一人一人,1,名詞

Asahi,尊崇,5,名詞

Asahi,被爆,1,名詞

Asahi,１３,1,名詞

Asahi,無人,1,名詞

Asahi,言,1,動詞

Asahi,一貫,1,名詞

Asahi,怒り,2,動詞

Asahi,防衛,1,名詞

Asahi,日韓,2,名詞

Asahi,みんな,7,名詞

Asahi,羽田雄一郎,1,名詞

Asahi,空襲,1,名詞

Asahi,見,1,動詞

Asahi,爆心,2,名詞

Asahi,守ら,1,動詞

Asahi,水,1,名詞

Asahi,山口,2,名詞

Asahi,心,2,名詞

Asahi,述べ,15,動詞

Asahi,他国,1,名詞

Asahi,敏感,1,名詞

Asahi,刺激,2,名詞

Asahi,議員,9,名詞

Asahi,バンドン,1,名詞

Asahi,分かつ,1,動詞

Asahi,外務省,5,名詞

Asahi,よる,5,動詞

Asahi,遺族,6,名詞

Asahi,主席,1,名詞

Asahi,古賀,1,名詞

Asahi,天皇,3,名詞

Asahi,改造,1,名詞

Asahi,定例,2,名詞

Asahi,間違っ,1,動詞

Asahi,避け,1,動詞

Asahi,寛仁,1,名詞

Asahi,同様,2,名詞

Asahi,訴え,2,動詞

Asahi,顔ぶれ,1,名詞

Asahi,会見,3,名詞

Asahi,散っ,1,動詞

Asahi,今後,2,名詞

Asahi,行使,4,名詞

Asahi,胸,1,名詞

Asahi,割れ,1,動詞

Asahi,見送っ,2,動詞

Asahi,公安,2,名詞

Asahi,秋,3,名詞

Asahi,語り,2,動詞

Asahi,述べる,1,動詞

Asahi,報道,2,名詞

Asahi,武藤容治,2,名詞

Asahi,野田市,1,名詞

Asahi,予定,3,名詞

Asahi,扱い,1,動詞

Asahi,戦前,2,名詞

Asahi,目指し,1,動詞

Asahi,疑問,1,名詞

Asahi,イタリア,1,名詞

Asahi,配慮,1,名詞

Asahi,外交,11,名詞

Asahi,差し止め,1,動詞

Asahi,投下,2,名詞

Asahi,Ｂ２９,1,名詞

Asahi,党首,3,名詞

Asahi,手,2,名詞

Asahi,下地幹郎,1,名詞

Asahi,首相官邸,1,名詞

Asahi,とら,1,動詞

Asahi,韓国,5,名詞

Asahi,任せ,1,動詞

Asahi,取り壊し,1,動詞

Asahi,秋季,8,名詞

Asahi,発表,1,名詞

Asahi,飛行機,1,名詞

Asahi,記者,3,名詞

Asahi,開か,8,動詞

Asahi,霊,1,名詞

Asahi,外壁,1,名詞

Asahi,崩し,1,動詞

Asahi,戦争,9,名詞

Asahi,青山,1,名詞

Asahi,合う,1,動詞

Asahi,元気,1,名詞

Asahi,占領,1,名詞

Asahi,保守,1,名詞

Asahi,援護,1,名詞

Asahi,公明党,2,名詞

Asahi,例大祭,24,名詞

Asahi,抗議,2,名詞

Asahi,初めて,4,名詞

Asahi,会合,1,名詞

Asahi,夕,1,名詞

Asahi,与える,1,動詞

Asahi,千枝子,2,名詞

Asahi,追悼,8,名詞

Asahi,責務,1,名詞

Asahi,驚き,1,動詞

Asahi,なる,2,動詞

Asahi,放火,1,名詞

Asahi,とっ,4,動詞

Asahi,態度,1,名詞

Asahi,夜,1,名詞

Asahi,内閣府,1,名詞

Asahi,米国,1,名詞

Asahi,お見守り,1,名詞

Asahi,平方,1,名詞

Asahi,採択,1,名詞

Asahi,１９７８,1,名詞

Asahi,一人,1,名詞

Asahi,妹,1,名詞

Asahi,肩書,3,名詞

Asahi,考え,4,動詞

Asahi,復興,4,名詞

Asahi,中国語,1,名詞

Asahi,終戦,9,名詞

Asahi,訪ね,1,動詞

Asahi,敬意,3,名詞

Asahi,動き,1,動詞

Asahi,インドネシア,1,名詞

Asahi,示す,4,動詞

Asahi,施設,3,名詞

Asahi,対応,1,名詞

Asahi,文部,3,名詞

Asahi,うえ,1,名詞

Asahi,発展,3,名詞

Asahi,議論,1,名詞

Asahi,紹介,1,名詞

Asahi,一般,1,名詞

Asahi,決める,1,動詞

Asahi,国民,4,名詞

Asahi,向こう,1,名詞

Asahi,私人,5,名詞

Asahi,続ける,1,動詞

Asahi,行政,6,名詞

Asahi,否定,1,名詞

Asahi,模索,1,名詞

Asahi,古屋,3,名詞

Asahi,朝日新聞,1,名詞

Asahi,永岡桂子,1,名詞

Asahi,人間,1,名詞

Asahi,際,2,名詞

Asahi,２,10,名詞

Asahi,死,1,名詞

Asahi,御霊,1,名詞

Asahi,国家,8,名詞

Asahi,貝瀬,1,名詞

Asahi,彬子,1,名詞

Asahi,めぐっ,1,動詞

Asahi,菅義偉,5,名詞

Asahi,見つめ,1,動詞

Asahi,松本洋平,1,名詞

Asahi,つながら,2,動詞

Asahi,招い,1,動詞

Asahi,生後,1,名詞

Asahi,フランス語,1,名詞

Asahi,会長,14,名詞

Asahi,皇后,1,名詞

Asahi,萩生田光一,2,名詞

Asahi,慰霊,2,名詞

Asahi,国会議員,9,名詞

Asahi,１０６,2,名詞

Asahi,国連,3,名詞

Asahi,禁じ得,3,動詞

Asahi,政権,6,名詞

Asahi,だんだん,1,名詞

Asahi,祭ら,1,動詞

Asahi,言っ,1,動詞

Asahi,九,9,名詞

Asahi,示し,7,動詞

Asahi,役割,1,名詞

Asahi,二,1,名詞

Asahi,興奮,1,名詞

Asahi,衆院選,1,名詞

Asahi,英語,4,名詞

Asahi,時間,2,名詞

Asahi,自ら,3,名詞

Asahi,置い,1,動詞

Asahi,米軍,1,名詞

Asahi,落とし,1,動詞

Asahi,岩井茂樹,1,名詞

Asahi,長官,6,名詞

Asahi,打診,1,名詞

Asahi,もたらし,1,動詞

Asahi,福岡県,1,名詞

Asahi,改革,6,名詞

Asahi,小里泰弘,3,名詞

Asahi,党別,2,名詞

Asahi,許容,1,名詞

Asahi,伝える,1,動詞

Asahi,受け入れ,1,動詞

Asahi,関する,1,動詞

Asahi,消防庁,1,名詞

Asahi,サンフランシスコ,1,名詞

Asahi,２００７,1,名詞

Asahi,稲田,5,名詞

Asahi,国営,4,名詞

Asahi,チン,1,名詞

Asahi,検討,3,名詞

Asahi,実現,7,名詞

Asahi,連続,1,名詞

Asahi,千代田区,3,名詞

Asahi,番組,1,名詞

Asahi,伝統,2,名詞

Asahi,女学校,2,名詞

Asahi,整える,2,動詞

Asahi,いま,1,名詞

Asahi,会,13,名詞

Asahi,入っ,1,動詞

Asahi,肝,1,名詞

Asahi,体制,1,名詞

Asahi,３,12,名詞

Asahi,補佐官,3,名詞

Asahi,見つかっ,1,動詞

Asahi,二階,2,名詞

Asahi,２６,3,名詞

Asahi,従っ,2,動詞

Asahi,思う,4,動詞

Asahi,本殿,1,名詞

Asahi,秋彦,1,名詞

Asahi,批判,4,名詞

Asahi,委員長,4,名詞

Asahi,政治家,2,名詞

Asahi,林芳正,1,名詞

Asahi,原則,1,名詞

Asahi,見せ,1,動詞

Asahi,説明,3,名詞

Asahi,８,6,名詞

Asahi,こだわら,1,動詞

Asahi,毎日新聞,1,名詞

Asahi,名前,2,名詞

Asahi,少し,2,名詞

Asahi,広島市,1,名詞

Asahi,伝え,2,動詞

Asahi,閃光,1,名詞

Asahi,念頭,4,名詞

Asahi,個人,2,名詞

Asahi,接触,1,名詞

Asahi,認識,3,名詞

Asahi,合祀,5,名詞

Asahi,新華社,3,名詞

Asahi,メートル,1,名詞

Asahi,報道官,3,名詞

Asahi,厚労相,1,名詞

Asahi,関心,1,名詞

Asahi,屋上,1,名詞

Asahi,次世代,4,名詞

Asahi,なくなっ,1,動詞

Asahi,抱い,1,動詞

Asahi,記念,1,名詞

Asahi,進め,1,動詞

Asahi,合わせ,4,動詞

Asahi,懸念,2,名詞

Asahi,あきこ,1,名詞

Asahi,出し,7,動詞

Asahi,小型,1,名詞

Asahi,総務,17,名詞

Asahi,１７,8,名詞

Asahi,講演,1,名詞

Asahi,同日,3,名詞

Asahi,都内,1,名詞

Asahi,ロシア語,1,名詞

Asahi,昨年末,1,名詞

Asahi,疑い,1,動詞

Asahi,剛,1,名詞

Asahi,愛する,1,動詞

Asahi,立場,4,名詞

Asahi,続き,2,動詞

Asahi,相手,1,名詞

Asahi,構想,1,名詞

Asahi,確保,2,名詞

Asahi,まこと,1,名詞

Asahi,話題,1,名詞

Asahi,決定,1,名詞

Asahi,戦地,2,名詞

Asahi,世界,1,名詞

Asahi,戦没者,3,名詞

Asahi,反省,4,名詞

Asahi,級友,6,名詞

Asahi,毎回,1,名詞

Asahi,誠実,1,名詞

Asahi,対策,3,名詞

Asahi,公用語,3,名詞

Asahi,人,6,名詞

Asahi,健全,2,名詞

Asahi,捧げ,14,動詞

Asahi,権利,1,名詞

Asahi,８２,2,名詞

Asahi,街,1,名詞

Asahi,見送り,2,動詞

Asahi,送付,1,名詞

Asahi,発信,2,名詞

Asahi,近く,2,名詞

Asahi,春季,7,名詞

Asahi,アラビア語,1,名詞

Asahi,ある,7,動詞

Asahi,北,8,名詞

Asahi,誓い,1,動詞

Asahi,維新,2,名詞

Asahi,意見,1,名詞

Asahi,見解,2,名詞

Asahi,うち,3,名詞

Asahi,行為,5,名詞

Asahi,申し入れ,2,動詞

Asahi,なら,1,動詞

Asahi,語っ,16,動詞

Asahi,会社員,1,名詞

Asahi,復帰,1,名詞

Asahi,夏休み,1,名詞

Asahi,預かり,1,動詞

Asahi,ピン,1,名詞

Asahi,出火,1,名詞

Asahi,見つめ直す,1,動詞

Asahi,５,8,名詞

Asahi,赴き,1,動詞

Asahi,みたままつり,2,名詞

Asahi,吉浜,1,名詞

Asahi,過程,1,名詞

Asahi,信頼,1,名詞

Asahi,自力,1,名詞

Asahi,１９４５,1,名詞

Asahi,別,3,名詞

Asahi,祭事,1,名詞

Asahi,反する,1,動詞

Asahi,日の丸,1,名詞

Asahi,一昨年,1,名詞

Asahi,答え,1,動詞

Asahi,原爆,1,名詞

Asahi,総理,6,名詞

Asahi,努力,2,名詞

Asahi,流れ,1,動詞

Asahi,父親,1,名詞

Asahi,宮司,1,名詞

Asahi,２７,1,名詞

Asahi,うそ,1,名詞

Asahi,Ａ級,8,名詞

Asahi,アフリカ,1,名詞

Asahi,祖父,1,名詞

Asahi,故,1,名詞

Asahi,崇仁,1,名詞

Asahi,反対,2,名詞

Asahi,下,2,名詞

Asahi,局長,2,名詞

Asahi,ちょうちん,2,名詞

Asahi,品川区,1,名詞

Asahi,政調,3,名詞

Asahi,８０,3,名詞

Asahi,命,9,名詞

Asahi,戻す,1,動詞

Asahi,手紙,1,名詞

Asahi,申し上げる,1,動詞

Asahi,今,2,名詞

Asahi,初穂,3,名詞

Asahi,党派,6,名詞

Asahi,発効,1,名詞

Asahi,示さ,2,動詞

Asahi,ドローン,1,名詞

Asahi,信じ込ん,1,動詞

Asahi,コメント,1,名詞

Asahi,２２,6,名詞

Asahi,陛下,2,名詞

Asahi,向き合う,1,動詞

Asahi,明楽,1,名詞

Asahi,０９,1,名詞

Asahi,赤池誠章,3,名詞

Asahi,なっ,4,動詞

Asahi,務める,2,動詞

Asahi,山谷,3,名詞

Asahi,容認,3,名詞

Asahi,靖国,9,名詞

Asahi,１２,5,名詞

Asahi,当然,4,名詞

Asahi,代理,4,名詞

Asahi,落ち,2,動詞

Asahi,わだかまり,1,動詞

Asahi,私費,11,名詞

Asahi,決議,5,名詞

Asahi,インタビュー,1,名詞

Asahi,洪磊,2,名詞

Asahi,９,2,名詞

Asahi,さ,6,動詞

Asahi,寄与,1,名詞

Asahi,見せる,1,動詞

Asahi,触れ,2,動詞

Asahi,方向づけ,1,名詞

Asahi,脱し,1,動詞

Asahi,受け,4,動詞

Asahi,皆さん,1,名詞

Asahi,学校,2,名詞

Asahi,国益,1,名詞

Asahi,高市早苗,10,名詞

Asahi,協力,7,名詞

Asahi,これ,2,名詞

Asahi,北京,12,名詞

Asahi,ささげる,2,動詞

Asahi,県,2,名詞

Asahi,とき,2,名詞

Asahi,ラジオ日本,1,名詞

Asahi,直視,1,名詞

Asahi,必要,3,名詞

Asahi,ごうし,4,名詞

Asahi,代理人,1,名詞

Asahi,外相,2,名詞

Asahi,会う,1,動詞

Asahi,つかう,1,動詞

Asahi,哀悼,5,名詞

Asahi,党,6,名詞

Asahi,信教,3,名詞

Asahi,責任,1,名詞

Asahi,国,14,名詞

Asahi,知人,1,名詞

Asahi,失望,1,名詞

Asahi,三笠宮,2,名詞

Asahi,夏,3,名詞

Asahi,労働,8,名詞

Asahi,課題,2,名詞

Asahi,山谷えり子,7,名詞

Asahi,女性,5,名詞

Asahi,日本人,2,名詞

Asahi,インターネット,1,名詞

Asahi,い,2,動詞

Asahi,神社,3,名詞

Asahi,話,3,名詞

Asahi,公明,1,名詞

Asahi,時事,1,名詞

Asahi,ようこ,1,名詞

Asahi,省察,2,名詞

Asahi,踏み切っ,1,動詞

Asahi,３・４,1,名詞

Asahi,６００,1,名詞

Asahi,官房,6,名詞

Asahi,高市,8,名詞

Asahi,申し上げ,1,動詞

Asahi,進める,2,動詞

Asahi,これまで,1,名詞

Asahi,築く,1,動詞

Asahi,奇跡,1,名詞

Asahi,県立,1,名詞

Asahi,侵害,1,名詞

Asahi,犠牲者,1,名詞

Asahi,表す,1,動詞

Asahi,ご判断,1,名詞

Asahi,毎年,1,名詞

Asahi,大事,2,名詞

Asahi,中韓,8,名詞

Asahi,かかる,1,動詞

Asahi,合わせる,1,動詞

Asahi,来る,1,動詞

Asahi,思想,1,名詞

Asahi,国立,2,名詞

Asahi,知っ,1,動詞

Asahi,言語,1,名詞

Asahi,映画,1,名詞

Asahi,通信,3,名詞

Asahi,念,5,名詞

Asahi,中日,2,名詞

Asahi,ＮＨＫ,1,名詞

Asahi,教え,1,動詞

Asahi,いう,12,動詞

Asahi,広げる,1,動詞

Asahi,特別,2,名詞

Asahi,範囲,2,名詞

Asahi,中心,1,名詞

Asahi,わたり,1,動詞

Asahi,午後,4,名詞

Asahi,松原仁,2,名詞

Asahi,厚生,8,名詞

Asahi,ガイドライン,1,名詞

Asahi,苦しめ,2,動詞

Asahi,今回,1,名詞

Asahi,あたる,2,動詞

Asahi,回復,2,名詞

Asahi,引き起こす,1,動詞

Asahi,日米,1,名詞

Asahi,境内,2,名詞

Asahi,なろ,1,動詞

Asahi,やろ,1,動詞

Asahi,認め,2,動詞

Asahi,めぐる,1,動詞

Asahi,１１,7,名詞

Asahi,それ,3,名詞

Asahi,千葉県,1,名詞

Asahi,対立,1,名詞

Asahi,泣い,1,動詞

Asahi,６９,3,名詞

Asahi,生じ,1,動詞

Asahi,休む,1,動詞

Asahi,化し,1,動詞

Asahi,一方,1,名詞

Asahi,問わ,1,動詞

Asahi,知恵,1,名詞

Asahi,出発,1,名詞

Asahi,違反,3,名詞

Asahi,捧げる,2,動詞

Asahi,まつら,2,動詞

Asahi,戦い,1,動詞

Asahi,自分,1,名詞

Asahi,たたえ,1,動詞

Asahi,前,2,名詞

Asahi,たもと,1,名詞

Asahi,参り,1,動詞

Asahi,ちょうど,1,名詞

Asahi,通じ,3,動詞

Asahi,地裁,2,名詞

Asahi,本部長,1,名詞

Asahi,東京,14,名詞

Asahi,気持ち,2,名詞

Asahi,男,1,名詞

Asahi,定め,1,動詞

Asahi,盛り上がっ,1,動詞

Asahi,６,3,名詞

Asahi,大戦,1,名詞

Asahi,積み重なる,1,動詞

Asahi,補佐,2,名詞

Asahi,戦死者,1,名詞

Asahi,向け,3,動詞

Asahi,供え物,7,名詞

Asahi,複雑,1,名詞

Asahi,国策,1,名詞

Asahi,神道,1,名詞

Asahi,全て,2,名詞

Asahi,がれき,1,名詞

Asahi,適切,1,名詞

Asahi,政府,8,名詞

Asahi,春,7,名詞

Asahi,山口那津男,2,名詞

Asahi,民主,1,名詞

Asahi,アルバイト,1,名詞

Asahi,見方,1,名詞

Asahi,真榊,12,名詞

Asahi,戦後,4,名詞

Asahi,数日,1,名詞

Asahi,根本,1,名詞

Asahi,水面,1,名詞

Asahi,自衛権,5,名詞

Asahi,いけ,3,動詞

Asahi,根本匠,2,名詞

Asahi,ぶんし,2,名詞

Asahi,なり,1,動詞

Asahi,有村,2,名詞

Asahi,広島,5,名詞

Asahi,しよ,2,動詞

Asahi,繰り返さ,2,動詞

Asahi,見る,1,動詞

Asahi,衛藤晟一,3,名詞

Asahi,以前,1,名詞

Asahi,２８,1,名詞

Asahi,中国,12,名詞

Asahi,高校生,1,名詞

Asahi,周辺,1,名詞

Asahi,民主党,3,名詞

Asahi,理由,2,名詞

Asahi,以上,1,名詞

Asahi,平和,5,名詞

Asahi,炸裂,1,名詞

Asahi,つくる,1,動詞

Asahi,行く,1,動詞

Asahi,スペイン語,1,名詞

Asahi,支援,1,名詞

Asahi,ささげ,1,動詞

Asahi,考慮,1,名詞

Asahi,出席,1,名詞

Asahi,向かう,1,動詞

Asahi,衆院,2,名詞

Asahi,２０１３,1,名詞

Asahi,旗,1,名詞

Asahi,一礼,1,名詞

Asahi,担当,8,名詞

Asahi,今月,2,名詞

Asahi,けが人,1,名詞

Asahi,結ん,1,動詞

Asahi,考える,1,動詞

Asahi,権限,1,名詞

Asahi,代表格,1,名詞

Asahi,凝縮,1,名詞

Asahi,守っ,1,動詞

Asahi,ご遺族,1,名詞

Asahi,方々,6,名詞

Asahi,作業,1,名詞

Asahi,めぐり,1,動詞

Asahi,団長,1,名詞

Asahi,求める,3,動詞

Asahi,神,1,名詞

Asahi,講和条約,1,名詞

Asahi,判断,3,名詞

Asahi,大会,1,名詞

Asahi,し,42,動詞

Asahi,詳細,1,名詞

Asahi,農林,1,名詞

Asahi,経済,7,名詞

Asahi,聴い,1,動詞

Asahi,き,8,動詞

Asahi,画す,1,動詞

Asahi,言わ,1,動詞

Asahi,軍国,2,名詞

Asahi,中国側,1,名詞

Asahi,目立っ,1,動詞

Asahi,ＡＰＥＣ,6,名詞

Asahi,晶子,1,名詞

Asahi,さま,4,名詞

Asahi,岸田文雄,1,名詞

Asahi,京都府,1,名詞

Asahi,今年,3,名詞

Asahi,建物,1,名詞

Asahi,ミャンマー,1,名詞

Asahi,つながっ,1,動詞

Asahi,焼け,1,動詞

Asahi,理解,2,名詞

Asahi,果たす,1,動詞

Asahi,複数,1,名詞

Asahi,国会,2,名詞

Asahi,谷垣,2,名詞

Asahi,連合国,1,名詞

Asahi,急ぐ,1,動詞

Asahi,国際,5,名詞

Asahi,イメージ,1,名詞

Asahi,西組,1,名詞

Asahi,朝,1,名詞

Asahi,繁栄,1,名詞

Asahi,慎重,2,名詞

Asahi,指針,1,名詞

Asahi,７５,1,名詞

Asahi,奉納,21,名詞

Asahi,関係者,2,名詞

Asahi,つい,17,動詞

Asahi,１４,4,名詞

Asahi,敗戦,1,名詞

Asahi,非難,3,名詞

Asahi,期間,3,名詞

Asahi,韓日,1,名詞

Asahi,滞在,1,名詞

Asahi,慨嘆,2,名詞

Asahi,自宅,1,名詞

Asahi,諸国,1,名詞

Asahi,わたる,1,動詞

Asahi,影響,7,名詞

Asahi,事務局,1,名詞

Asahi,訪れ,3,動詞

Asahi,姿勢,2,名詞

Asahi,方針,5,名詞

Asahi,自身,4,名詞

Asahi,話し,2,動詞

Asahi,空気,1,名詞

Asahi,最期,1,名詞

Asahi,２０,2,名詞

Asahi,殉じ,1,動詞

Asahi,就任,1,名詞

Asahi,意味,1,名詞

Asahi,玉串料,15,名詞

Asahi,出,2,動詞

Asahi,差す,1,動詞

Asahi,つもり,1,名詞

Asahi,銘じ,1,動詞

Asahi,しんとう,1,名詞

Asahi,戦っ,1,動詞

Asahi,み,2,動詞

Asahi,ＡＳＥＭ,1,名詞

Asahi,靖国神社,55,名詞

Asahi,日,16,名詞

Asahi,あり方,1,名詞

Asahi,参加,4,名詞

Asahi,アジア,7,名詞

Asahi,新藤義孝,4,名詞

Asahi,放送,3,名詞

Asahi,談話,1,名詞

Asahi,たかひと,1,名詞

Asahi,会談,7,名詞

Asahi,一国,2,名詞

Asahi,ほとんど,1,名詞

Asahi,動向,1,名詞

Asahi,犬死に,1,名詞

Asahi,想定,1,名詞

Asahi,納め,4,動詞

Asahi,日中,12,名詞

Asahi,職務,1,名詞

Asahi,天井板,1,名詞

Asahi,有村治子,4,名詞

Asahi,尾辻秀久,6,名詞

Asahi,宇都隆史,1,名詞

Asahi,近隣,1,名詞

Asahi,外務,1,名詞

Asahi,隣国,3,名詞

Asahi,明かし,1,動詞

Asahi,大臣,14,名詞

Asahi,問題,14,名詞

Asahi,署名,5,名詞

Asahi,政務官,10,名詞

Asahi,被爆者,1,名詞

Asahi,ご存命,1,名詞

Asahi,犠牲,2,名詞

Asahi,原子爆弾,1,名詞

Asahi,前提,1,名詞

Asahi,みたま,1,名詞

Asahi,言動,1,名詞

Asahi,侵略,3,名詞

Asahi,確認,1,名詞

Asahi,アジア欧州会議,1,名詞

Asahi,勉強会,1,名詞

Asahi,総務省,1,名詞

Asahi,党幹部,1,名詞

Asahi,持っ,3,動詞

Asahi,公使,1,名詞

Asahi,関係,11,名詞

Asahi,控え,1,動詞

Asahi,田村憲久,1,名詞

Asahi,１・１,1,名詞

Asahi,谷垣禎一,1,名詞

Asahi,安倍,18,名詞

Asahi,参拝者,1,名詞

Asahi,体調,1,名詞

Asahi,方法,1,名詞

Asahi,自制,1,名詞

Asahi,国造り,1,名詞

Asahi,思い,1,動詞

Asahi,言う,1,動詞

Asahi,ともひと,1,名詞

Asahi,法体系,1,名詞

Asahi,指導者,1,名詞

Asahi,シー,1,名詞

Asahi,尾辻,1,名詞

Asahi,過去,2,名詞

Asahi,創造,2,名詞

Asahi,求め,5,動詞

Asahi,総裁,7,名詞

Asahi,秘密,1,名詞

Asahi,松村,1,名詞

Asahi,法相,1,名詞

Asahi,見通し,1,動詞

Asahi,ソウル,3,名詞

Asahi,もっ,2,動詞

Asahi,世論,1,名詞

Asahi,１１０,2,名詞

Asahi,降伏,1,名詞

Asahi,放送法,1,名詞

Asahi,要請,1,名詞

Asahi,意,1,名詞

Asahi,様子,1,名詞

Asahi,志村亮,1,名詞

Asahi,福岡,1,名詞

Asahi,郵政民営化,1,名詞

Asahi,古屋圭司,6,名詞

Asahi,弁論,2,名詞

Asahi,悪化,2,名詞

Asahi,正直,1,名詞

Asahi,平沼赳夫,3,名詞

Asahi,原告,3,名詞

Asahi,戦犯,8,名詞

Asahi,保護法,1,名詞

Asahi,調整,3,名詞

Asahi,昭和,1,名詞

Asahi,もと,1,名詞

Asahi,ほか,5,名詞

Asahi,事情,1,名詞

Asahi,開き,1,動詞

Asahi,改善,1,名詞

Asahi,かう,2,動詞

Asahi,神経,1,名詞

Asahi,ひとり,1,名詞

Asahi,退ける,1,動詞

Asahi,献灯,2,名詞

Asahi,稲田朋美,6,名詞

Asahi,参院,2,名詞

Asahi,明確,1,名詞

Asahi,対する,4,動詞

Asahi,代表,2,名詞

Asahi,鳥居,1,名詞

Asahi,林,1,名詞

Asahi,１,3,名詞

Asahi,二階俊博,1,名詞

Asahi,長男,1,名詞

Asahi,活躍,4,名詞

Asahi,よっ,1,動詞

Asahi,政治,1,名詞

Asahi,２１,5,名詞

Asahi,衆参,3,名詞

Asahi,性質,3,名詞

Asahi,様々,2,名詞

Asahi,立ち止まり,1,動詞

Asahi,徹底,1,名詞

Asahi,行わ,6,動詞

Asahi,同市,1,名詞

Asahi,２７３,1,名詞

Asahi,日本大使館,3,名詞

Asahi,情報,1,名詞

Asahi,口頭,1,名詞

Asahi,陳述,1,名詞

Asahi,朝鮮,1,名詞

Asahi,まとめ,1,動詞

Asahi,被災者,1,名詞

Asahi,閣議,3,名詞

Asahi,速報,1,名詞

Asahi,織恵,1,名詞

Asahi,意向,5,名詞

Asahi,務め,2,動詞

Asahi,自民党,16,名詞

Asahi,折,1,名詞

Asahi,通し,1,動詞

Asahi,古賀誠,1,名詞

Asahi,請求,1,名詞

Asahi,末弟,1,名詞

Asahi,子,1,名詞

Asahi,習近平,1,名詞

Asahi,麻子,1,名詞

Asahi,警視庁,1,名詞

Asahi,差し控え,1,動詞

Asahi,主権,4,名詞

Asahi,徴兵,1,名詞

Asahi,祖父母,1,名詞

Asahi,３０,2,名詞

Asahi,表する,2,動詞

Asahi,時期,2,名詞

Asahi,訴訟,2,名詞

Asahi,解決策,1,名詞

Asahi,連盟,4,名詞

Asahi,身柄,1,名詞

Asahi,聞か,1,動詞

Asahi,太平洋,7,名詞

Asahi,記録,1,名詞

Asahi,安定,1,名詞

Asahi,訪米,1,名詞

Asahi,探る,1,動詞

Asahi,是非,1,名詞

Asahi,水産,1,名詞

Asahi,国務,5,名詞

Asahi,見極め,1,動詞

Asahi,不敗,1,名詞

Asahi,動員,1,名詞

Asahi,来,1,動詞

Asahi,昨年,9,名詞

Asahi,得,1,動詞

Asahi,始まっ,4,動詞

Asahi,内閣,16,名詞

Asahi,かけ,1,動詞

Asahi,ため,21,名詞

Asahi,一線,1,名詞

Asahi,同調,1,名詞

Asahi,産業,1,名詞

Asahi,長年,1,名詞

Asahi,科学,3,名詞

Asahi,鎮,1,名詞

Asahi,友香,1,名詞

Asahi,市内,1,名詞

Mainichi,なる,3,動詞

Mainichi,取り組ん,1,動詞

Mainichi,１８,4,名詞

Mainichi,電話,1,名詞

Mainichi,新聞,1,名詞

Mainichi,環境,4,名詞

Mainichi,流れ,1,動詞

Mainichi,２６,3,名詞

Mainichi,模様,1,名詞

Mainichi,所属,2,名詞

Mainichi,山幸,3,名詞

Mainichi,培っ,2,動詞

Mainichi,日本大使館,2,名詞

Mainichi,求め,2,動詞

Mainichi,岩井茂樹,1,名詞

Mainichi,批判,5,名詞

Mainichi,誓い,2,動詞

Mainichi,萩生田光一,2,名詞

Mainichi,自由,2,名詞

Mainichi,放火,1,名詞

Mainichi,言及,2,名詞

Mainichi,来月,1,名詞

Mainichi,見送り,2,動詞

Mainichi,合同,1,名詞

Mainichi,数,1,名詞

Mainichi,記帳,2,名詞

Mainichi,代表,3,名詞

Mainichi,向け,1,動詞

Mainichi,塩崎恭久,1,名詞

Mainichi,志位和夫,1,名詞

Mainichi,石原慎太郎,1,名詞

Mainichi,今,1,名詞

Mainichi,受け,3,動詞

Mainichi,国,6,名詞

Mainichi,関する,1,動詞

Mainichi,会派,1,名詞

Mainichi,明奈,4,名詞

Mainichi,総務,17,名詞

Mainichi,演説,1,名詞

Mainichi,哲,2,名詞

Mainichi,日韓,1,名詞

Mainichi,大臣,7,名詞

Mainichi,失望,3,名詞

Mainichi,都,3,名詞

Mainichi,閣僚,18,名詞

Mainichi,触れ,1,動詞

Mainichi,命,3,名詞

Mainichi,外壁,1,名詞

Mainichi,亮介,1,名詞

Mainichi,阿部,1,名詞

Mainichi,模索,2,名詞

Mainichi,身,1,名詞

Mainichi,自然,1,名詞

Mainichi,担当,8,名詞

Mainichi,顔ぶれ,1,名詞

Mainichi,３１,1,名詞

Mainichi,詳細,1,名詞

Mainichi,重ね,1,動詞

Mainichi,女性,7,名詞

Mainichi,会談,7,名詞

Mainichi,欧州,1,名詞

Mainichi,２１,6,名詞

Mainichi,科学,1,名詞

Mainichi,米国,3,名詞

Mainichi,逮捕,1,名詞

Mainichi,麹町,1,名詞

Mainichi,一念,1,名詞

Mainichi,出発,1,名詞

Mainichi,つもり,2,名詞

Mainichi,つながら,1,動詞

Mainichi,理解,1,名詞

Mainichi,同様,1,名詞

Mainichi,主張,1,名詞

Mainichi,なっ,3,動詞

Mainichi,無職,1,名詞

Mainichi,新藤義孝,3,名詞

Mainichi,上回っ,1,動詞

Mainichi,示し,6,動詞

Mainichi,山田宏,1,名詞

Mainichi,ここ,1,名詞

Mainichi,集団,6,名詞

Mainichi,抑え,1,動詞

Mainichi,出席,2,名詞

Mainichi,復興,2,名詞

Mainichi,古屋圭司,2,名詞

Mainichi,国家,8,名詞

Mainichi,自ら,2,名詞

Mainichi,夕,1,名詞

Mainichi,宮島,1,名詞

Mainichi,初,1,名詞

Mainichi,恒久,2,名詞

Mainichi,外国,1,名詞

Mainichi,侵入,1,名詞

Mainichi,会,14,名詞

Mainichi,玉串料,6,名詞

Mainichi,置く,1,動詞

Mainichi,５,7,名詞

Mainichi,決める,1,動詞

Mainichi,経済,4,名詞

Mainichi,いけ,1,動詞

Mainichi,判断,3,名詞

Mainichi,必要,1,名詞

Mainichi,慰霊,1,名詞

Mainichi,非難,1,名詞

Mainichi,侵略,3,名詞

Mainichi,敬い,1,動詞

Mainichi,会見,3,名詞

Mainichi,供え物,6,名詞

Mainichi,感謝,6,名詞

Mainichi,知ら,1,動詞

Mainichi,守,1,名詞

Mainichi,声明,1,名詞

Mainichi,問題,4,名詞

Mainichi,２０,1,名詞

Mainichi,政権,2,名詞

Mainichi,容疑,1,名詞

Mainichi,中,2,名詞

Mainichi,首相,38,名詞

Mainichi,今月,1,名詞

Mainichi,得る,1,動詞

Mainichi,北,7,名詞

Mainichi,信頼,2,名詞

Mainichi,東京都,2,名詞

Mainichi,国民,3,名詞

Mainichi,合う,1,動詞

Mainichi,平和,5,名詞

Mainichi,協会,1,名詞

Mainichi,反発,4,名詞

Mainichi,有村,7,名詞

Mainichi,工藤,2,名詞

Mainichi,もっ,1,動詞

Mainichi,支払っ,1,動詞

Mainichi,党派,9,名詞

Mainichi,最多,1,名詞

Mainichi,指摘,2,名詞

Mainichi,主席,1,名詞

Mainichi,１１,3,名詞

Mainichi,お参り,2,名詞

Mainichi,７,1,名詞

Mainichi,考え,3,動詞

Mainichi,際,1,名詞

Mainichi,時期,2,名詞

Mainichi,晃,1,名詞

Mainichi,見送る,4,動詞

Mainichi,前,1,名詞

Mainichi,全うする,1,動詞

Mainichi,建造物,1,名詞

Mainichi,国策,3,名詞

Mainichi,あり,2,動詞

Mainichi,一人,5,名詞

Mainichi,方式,1,名詞

Mainichi,参拝,104,名詞

Mainichi,見せ,1,動詞

Mainichi,時間,1,名詞

Mainichi,秋季,8,名詞

Mainichi,実際,2,名詞

Mainichi,開催,1,名詞

Mainichi,特派員,1,名詞

Mainichi,遠藤,1,名詞

Mainichi,都内,2,名詞

Mainichi,日本,10,名詞

Mainichi,武藤容治,1,名詞

Mainichi,男,3,名詞

Mainichi,住む,1,動詞

Mainichi,マイナス,1,名詞

Mainichi,うち,1,名詞

Mainichi,対し,3,動詞

Mainichi,相次ぐ,1,動詞

Mainichi,誠,7,名詞

Mainichi,追悼,2,名詞

Mainichi,いう,8,動詞

Mainichi,記者会見,12,名詞

Mainichi,控える,1,動詞

Mainichi,共産党,1,名詞

Mainichi,訪米,1,名詞

Mainichi,会議,8,名詞

Mainichi,逢沢一郎,1,名詞

Mainichi,地元,2,名詞

Mainichi,拓,1,名詞

Mainichi,北方,1,名詞

Mainichi,火,1,名詞

Mainichi,一員,1,名詞

Mainichi,普通,1,名詞

Mainichi,議員,13,名詞

Mainichi,中韓,5,名詞

Mainichi,統一,1,名詞

Mainichi,岸,1,名詞

Mainichi,２０１３,3,名詞

Mainichi,特別,2,名詞

Mainichi,大,4,名詞

Mainichi,述べる,3,動詞

Mainichi,変え,1,動詞

Mainichi,耕太,1,名詞

Mainichi,当たり前,1,名詞

Mainichi,液体,1,名詞

Mainichi,１２,6,名詞

Mainichi,実弟,1,名詞

Mainichi,責任,1,名詞

Mainichi,対応,3,名詞

Mainichi,祈っ,1,動詞

Mainichi,アフリカ,1,名詞

Mainichi,国内外,1,名詞

Mainichi,広島,2,名詞

Mainichi,不満,1,名詞

Mainichi,侵略者,1,名詞

Mainichi,続ける,1,動詞

Mainichi,信条,3,名詞

Mainichi,尾辻秀久,4,名詞

Mainichi,もら,1,動詞

Mainichi,顧問,1,名詞

Mainichi,直後,2,名詞

Mainichi,安定,2,名詞

Mainichi,戦没者,2,名詞

Mainichi,今後,2,名詞

Mainichi,春秋,2,名詞

Mainichi,探る,1,動詞

Mainichi,両氏,5,名詞

Mainichi,まつ,1,動詞

Mainichi,１５,9,名詞

Mainichi,意欲,3,名詞

Mainichi,松本,1,名詞

Mainichi,差す,1,動詞

Mainichi,次世代,9,名詞

Mainichi,独立国,1,名詞

Mainichi,経緯,2,名詞

Mainichi,洪磊,1,名詞

Mainichi,各紙,1,名詞

Mainichi,最高,1,名詞

Mainichi,方々,4,名詞

Mainichi,尋ね,1,動詞

Mainichi,会長,7,名詞

Mainichi,民主,2,名詞

Mainichi,国会議員,13,名詞

Mainichi,かなり,1,名詞

Mainichi,赤池誠章,2,名詞

Mainichi,党首,4,名詞

Mainichi,タイミング,1,名詞

Mainichi,安倍,9,名詞

Mainichi,１４７,1,名詞

Mainichi,常連,1,名詞

Mainichi,予定,2,名詞

Mainichi,行事,1,名詞

Mainichi,障害,2,名詞

Mainichi,インドネシア,1,名詞

Mainichi,会合,1,名詞

Mainichi,起用,1,名詞

Mainichi,述べ,19,動詞

Mainichi,中日,2,名詞

Mainichi,焼い,1,動詞

Mainichi,公明党,2,名詞

Mainichi,ささげ,11,動詞

Mainichi,警視庁,2,名詞

Mainichi,い,2,動詞

Mainichi,初めて,1,名詞

Mainichi,よる,8,動詞

Mainichi,避ける,1,動詞

Mainichi,最中,1,名詞

Mainichi,２,4,名詞

Mainichi,不戦,1,名詞

Mainichi,自然体,1,名詞

Mainichi,正直,1,名詞

Mainichi,諸国,1,名詞

Mainichi,日本人,4,名詞

Mainichi,尊崇,4,名詞

Mainichi,大博,1,名詞

Mainichi,活躍,5,名詞

Mainichi,思っ,1,動詞

Mainichi,加害,1,名詞

Mainichi,内閣,10,名詞

Mainichi,他国,1,名詞

Mainichi,減っ,2,動詞

Mainichi,１００,1,名詞

Mainichi,調べる,1,動詞

Mainichi,１７,7,名詞

Mainichi,上下,1,名詞

Mainichi,高橋,1,名詞

Mainichi,昨夏,1,名詞

Mainichi,社説,1,名詞

Mainichi,幹事,5,名詞

Mainichi,メンバー,4,名詞

Mainichi,申し入れ,2,動詞

Mainichi,職責,1,名詞

Mainichi,萩生田,1,名詞

Mainichi,現行犯,1,名詞

Mainichi,チャイナ,1,名詞

Mainichi,それぞれ,4,名詞

Mainichi,１０６,1,名詞

Mainichi,バンドン,1,名詞

Mainichi,戦い,2,動詞

Mainichi,中国,9,名詞

Mainichi,総理,1,名詞

Mainichi,ほか,4,名詞

Mainichi,夏,1,名詞

Mainichi,続い,1,動詞

Mainichi,拝む,2,動詞

Mainichi,ＡＰＥＣ,4,名詞

Mainichi,鎮,1,名詞

Mainichi,みたま,4,名詞

Mainichi,尾辻,2,名詞

Mainichi,深まり,1,動詞

Mainichi,上,3,名詞

Mainichi,代理人,2,名詞

Mainichi,松島みどり,1,名詞

Mainichi,春,2,名詞

Mainichi,太平洋,3,名詞

Mainichi,羽田雄一郎,4,名詞

Mainichi,１４,1,名詞

Mainichi,春季,6,名詞

Mainichi,文科,1,名詞

Mainichi,祈念,1,名詞

Mainichi,実現,2,名詞

Mainichi,習近平,1,名詞

Mainichi,２３,7,名詞

Mainichi,つい,17,動詞

Mainichi,減少,1,名詞

Mainichi,あたり,1,動詞

Mainichi,可能性,2,名詞

Mainichi,靖国,1,名詞

Mainichi,北京,9,名詞

Mainichi,全国,1,名詞

Mainichi,方針,1,名詞

Mainichi,靖国神社,33,名詞

Mainichi,改革,2,名詞

Mainichi,市内,2,名詞

Mainichi,愛知,1,名詞

Mainichi,１０,3,名詞

Mainichi,産業,1,名詞

Mainichi,行か,1,動詞

Mainichi,とどめ,4,動詞

Mainichi,政府,8,名詞

Mainichi,例年,1,名詞

Mainichi,総裁,3,名詞

Mainichi,さ,1,動詞

Mainichi,一部,2,名詞

Mainichi,英霊,6,名詞

Mainichi,インタビュー,2,名詞

Mainichi,表立っ,1,動詞

Mainichi,佐藤慶,1,名詞

Mainichi,補佐,2,名詞

Mainichi,地方選,1,名詞

Mainichi,党,9,名詞

Mainichi,内訳,3,名詞

Mainichi,９,5,名詞

Mainichi,政治家,2,名詞

Mainichi,山谷えり子,5,名詞

Mainichi,もの,3,名詞

Mainichi,下,1,名詞

Mainichi,行動,3,名詞

Mainichi,参加,3,名詞

Mainichi,克哉,1,名詞

Mainichi,性質,1,名詞

Mainichi,直樹,1,名詞

Mainichi,肩書,2,名詞

Mainichi,幹部,2,名詞

Mainichi,伝え,5,動詞

Mainichi,方向,3,名詞

Mainichi,み,7,動詞

Mainichi,野田聖子,1,名詞

Mainichi,昨年,11,名詞

Mainichi,たたか,1,動詞

Mainichi,影山,1,名詞

Mainichi,ころ,1,名詞

Mainichi,達也,1,名詞

Mainichi,訴え,1,動詞

Mainichi,世界,1,名詞

Mainichi,目指し,1,動詞

Mainichi,御霊,1,名詞

Mainichi,８,5,名詞

Mainichi,確保,1,名詞

Mainichi,山口那津男,2,名詞

Mainichi,次郎,1,名詞

Mainichi,ラジオ日本,1,名詞

Mainichi,５５,1,名詞

Mainichi,明確,1,名詞

Mainichi,政調,2,名詞

Mainichi,国造り,1,名詞

Mainichi,哀悼,3,名詞

Mainichi,補佐官,2,名詞

Mainichi,整え,1,動詞

Mainichi,自民党,9,名詞

Mainichi,野党,1,名詞

Mainichi,英字,1,名詞

Mainichi,文部,1,名詞

Mainichi,米政府,1,名詞

Mainichi,主催,1,名詞

Mainichi,毎年,4,名詞

Mainichi,衆参,1,名詞

Mainichi,就任,3,名詞

Mainichi,自民,2,名詞

Mainichi,９０,2,名詞

Mainichi,笈田,1,名詞

Mainichi,続け,2,動詞

Mainichi,行政,2,名詞

Mainichi,首脳,5,名詞

Mainichi,言わ,2,動詞

Mainichi,神社,2,名詞

Mainichi,山谷,7,名詞

Mainichi,課題,1,名詞

Mainichi,殉じ,3,動詞

Mainichi,２５,1,名詞

Mainichi,福山,1,名詞

Mainichi,午前,6,名詞

Mainichi,意向,4,名詞

Mainichi,６,4,名詞

Mainichi,協力,3,名詞

Mainichi,２２,1,名詞

Mainichi,いっ,1,動詞

Mainichi,名,2,名詞

Mainichi,公安,7,名詞

Mainichi,明言,2,名詞

Mainichi,稲田朋美,2,名詞

Mainichi,中国側,1,名詞

Mainichi,外務省,3,名詞

Mainichi,異例,1,名詞

Mainichi,納め,3,動詞

Mainichi,高木,1,名詞

Mainichi,報道,1,名詞

Mainichi,政務官,8,名詞

Mainichi,新藤,1,名詞

Mainichi,持っ,3,動詞

Mainichi,こと,23,名詞

Mainichi,近く,2,名詞

Mainichi,小里泰弘,2,名詞

Mainichi,立ち入る,1,動詞

Mainichi,通じ,2,動詞

Mainichi,官房,3,名詞

Mainichi,今日,1,名詞

Mainichi,国対,1,名詞

Mainichi,行く,2,動詞

Mainichi,沖縄,1,名詞

Mainichi,参院,8,名詞

Mainichi,ある,6,動詞

Mainichi,私人,2,名詞

Mainichi,内容,1,名詞

Mainichi,話し,2,動詞

Mainichi,説明,4,名詞

Mainichi,戦争,2,名詞

Mainichi,優先,1,名詞

Mainichi,副議長,4,名詞

Mainichi,犠牲者,1,名詞

Mainichi,高市,13,名詞

Mainichi,１,5,名詞

Mainichi,メディア,1,名詞

Mainichi,エネルギー,1,名詞

Mainichi,出火,1,名詞

Mainichi,日中,11,名詞

Mainichi,終戦,10,名詞

Mainichi,法相,3,名詞

Mainichi,毎日新聞,2,名詞

Mainichi,日,2,名詞

Mainichi,発足,1,名詞

Mainichi,関係,15,名詞

Mainichi,促す,1,動詞

Mainichi,午後,3,名詞

Mainichi,関心,2,名詞

Mainichi,６８,1,名詞

Mainichi,尊敬,1,名詞

Mainichi,立場,4,名詞

Mainichi,６０,1,名詞

Mainichi,韓国,2,名詞

Mainichi,高本,1,名詞

Mainichi,つくる,6,動詞

Mainichi,続き,1,動詞

Mainichi,千代田区,2,名詞

Mainichi,引き起こす,1,動詞

Mainichi,みんな,9,名詞

Mainichi,高市早苗,11,名詞

Mainichi,改善,6,名詞

Mainichi,事前,2,名詞

Mainichi,有村治子,5,名詞

Mainichi,例大祭,23,名詞

Mainichi,後,1,名詞

Mainichi,示さ,1,動詞

Mainichi,表明,3,名詞

Mainichi,昨秋,1,名詞

Mainichi,とどめる,1,動詞

Mainichi,式辞,1,名詞

Mainichi,オバマ,1,名詞

Mainichi,行う,1,動詞

Mainichi,私費,5,名詞

Mainichi,政治,1,名詞

Mainichi,１０３,1,名詞

Mainichi,真榊,10,名詞

Mainichi,念佛,4,名詞

Mainichi,接触,1,名詞

Mainichi,ため,8,名詞

Mainichi,踏まえ,1,動詞

Mainichi,関係者,3,名詞

Mainichi,菅義偉,3,名詞

Mainichi,議運,1,名詞

Mainichi,自制,1,名詞

Mainichi,強調,3,名詞

Mainichi,問わ,2,動詞

Mainichi,遠く,1,名詞

Mainichi,感覚,1,名詞

Mainichi,境内,2,名詞

Mainichi,東京,9,名詞

Mainichi,配慮,2,名詞

Mainichi,１１１,1,名詞

Mainichi,団体,1,名詞

Mainichi,両院,1,名詞

Mainichi,従っ,1,動詞

Mainichi,改造,4,名詞

Mainichi,死ね,1,動詞

Mainichi,歴史,2,名詞

Mainichi,８４,1,名詞

Mainichi,なら,3,動詞

Mainichi,外交,4,名詞

Mainichi,態度,1,名詞

Mainichi,入っ,1,動詞

Mainichi,超える,1,動詞

Mainichi,適切,2,名詞

Mainichi,呼ば,6,動詞

Mainichi,保守,4,名詞

Mainichi,田村憲久,1,名詞

Mainichi,し,30,動詞

Mainichi,アジア,5,名詞

Mainichi,両国,5,名詞

Mainichi,古屋,1,名詞

Mainichi,記念,11,名詞

Mainichi,念,5,名詞

Mainichi,懸念,2,名詞

Mainichi,国益,2,名詞

Mainichi,する,4,動詞

Mainichi,高官,1,名詞

Mainichi,見解,1,名詞

Mainichi,動き,1,動詞

Mainichi,奉納,12,名詞

Mainichi,当選,1,名詞

Mainichi,亡くなっ,1,動詞

Mainichi,委員長,10,名詞

Mainichi,秋,4,名詞

Mainichi,水,1,名詞

Mainichi,歴代,1,名詞

Mainichi,注目,1,名詞

Mainichi,安倍晋三,14,名詞

Mainichi,衆院,1,名詞

Mainichi,戦死者,1,名詞

Mainichi,発展,2,名詞

Mainichi,こうらい,1,名詞

Mainichi,反省,2,名詞

Mainichi,厚生,2,名詞

Mainichi,気持ち,1,名詞

Mainichi,いずれ,3,名詞

Mainichi,記者,5,名詞

Mainichi,８０,1,名詞

Mainichi,国務,3,名詞

Mainichi,在任,2,名詞

Mainichi,人数,1,名詞

Mainichi,灯油,1,名詞

Mainichi,残さ,1,動詞

Mainichi,歳月,1,名詞

Mainichi,洪,1,名詞

Mainichi,心,1,名詞

Mainichi,武道館,1,名詞

Mainichi,要請,1,名詞

Mainichi,相次い,1,動詞

Mainichi,理由,1,名詞

Mainichi,義明,1,名詞

Mainichi,考える,1,動詞

Mainichi,現職,2,名詞

Mainichi,合わせ,10,動詞

Mainichi,鑑み,2,動詞

Mainichi,行為,1,名詞

Mainichi,信念,2,名詞

Mainichi,党総裁,1,名詞

Mainichi,思う,2,動詞

Mainichi,私,3,名詞

Mainichi,ペットボトル,1,名詞

Mainichi,寄せ,1,動詞

Mainichi,衛藤晟一,2,名詞

Mainichi,行わ,7,動詞

Mainichi,小泉進次郎,2,名詞

Mainichi,哲也,1,名詞

Mainichi,見通し,1,動詞

Mainichi,番組,1,名詞

Mainichi,意味,1,名詞

Mainichi,岸信夫,2,名詞

Mainichi,平沼赳夫,4,名詞

Mainichi,財務,1,名詞

Mainichi,影響,4,名詞

Mainichi,別,2,名詞

Mainichi,焼身自殺,1,名詞

Mainichi,新京報,1,名詞

Mainichi,犠牲,2,名詞

Mainichi,大統領,1,名詞

Mainichi,誓っ,1,動詞

Mainichi,外相,2,名詞

Mainichi,見送っ,2,動詞

Mainichi,同日,3,名詞

Mainichi,語っ,5,動詞

Mainichi,大戦,1,名詞

Mainichi,隣国,2,名詞

Mainichi,今回,4,名詞

Mainichi,デーリー,1,名詞

Mainichi,開か,2,動詞

Mainichi,松島,1,名詞

Mainichi,葛西,1,名詞

Mainichi,信教,1,名詞

Mainichi,寛,1,名詞

Mainichi,見極め,1,動詞

Mainichi,認識,1,名詞

Mainichi,小田中,4,名詞

Mainichi,つけ,1,動詞

Mainichi,グループ,1,名詞

Mainichi,九,7,名詞

Mainichi,与野党,1,名詞

Mainichi,一国民,1,名詞

Mainichi,維新,4,名詞

Mainichi,言っ,1,動詞

Mainichi,労働,2,名詞

Mainichi,美化,1,名詞

Mainichi,き,5,動詞

Mainichi,霊,2,名詞

Mainichi,長官,3,名詞

Mainichi,話,3,名詞

Mainichi,いかが,1,名詞

Mainichi,控え,1,動詞

Mainichi,意志,1,名詞

Mainichi,民主党,7,名詞

Mainichi,忘れ,1,動詞

Mainichi,反対,1,名詞

Mainichi,松野頼久,1,名詞

Mainichi,間,1,名詞

Mainichi,申し上げる,2,動詞

Mainichi,２００７,1,名詞

Mainichi,踏み切っ,1,動詞

Mainichi,３,9,名詞

Mainichi,慰め,1,動詞

Mainichi,局長,2,名詞

Mainichi,定例,1,名詞

Mainichi,道,1,名詞

Nikkei,理由,1,名詞

Nikkei,６,1,名詞

Nikkei,国務,2,名詞

Nikkei,方向,4,名詞

Nikkei,開く,2,動詞

Nikkei,環境,1,名詞

Nikkei,小泉,1,名詞

Nikkei,14,2,名詞

Nikkei,決まっ,1,動詞

Nikkei,含ま,1,動詞

Nikkei,三番町,1,名詞

Nikkei,本会議,1,名詞

Nikkei,28,6,名詞

Nikkei,政調,5,名詞

Nikkei,２,6,名詞

Nikkei,補佐官,4,名詞

Nikkei,務める,1,動詞

Nikkei,日,4,名詞

Nikkei,重ね,1,動詞

Nikkei,友好,1,名詞

Nikkei,太平洋,5,名詞

Nikkei,対する,2,動詞

Nikkei,国内,1,名詞

Nikkei,常務,1,名詞

Nikkei,終わる,1,動詞

Nikkei,総理,5,名詞

Nikkei,裁判,1,名詞

Nikkei,必至,1,名詞

Nikkei,当然,2,名詞

Nikkei,山谷えり子,6,名詞

Nikkei,荒唐無稽,1,名詞

Nikkei,献花,1,名詞

Nikkei,会長,18,名詞

Nikkei,公安,5,名詞

Nikkei,労働,3,名詞

Nikkei,み,2,動詞

Nikkei,決める,1,動詞

Nikkei,よる,4,動詞

Nikkei,韓国,10,名詞

Nikkei,示し,8,動詞

Nikkei,それぞれ,2,名詞

Nikkei,活躍,5,名詞

Nikkei,毎回,1,名詞

Nikkei,1952,1,名詞

Nikkei,1975,1,名詞

Nikkei,問題,13,名詞

Nikkei,公明党,3,名詞

Nikkei,私,1,名詞

Nikkei,和歌,1,名詞

Nikkei,洪磊,3,名詞

Nikkei,18,4,名詞

Nikkei,私人,7,名詞

Nikkei,日本,13,名詞

Nikkei,上,1,名詞

Nikkei,つい,22,動詞

Nikkei,動向,1,名詞

Nikkei,みんな,6,名詞

Nikkei,今回,4,名詞

Nikkei,塩崎恭久,3,名詞

Nikkei,表する,1,動詞

Nikkei,次,1,名詞

Nikkei,確保,1,名詞

Nikkei,資する,1,動詞

Nikkei,引き続き,1,動詞

Nikkei,当初,1,名詞

Nikkei,日韓,1,名詞

Nikkei,追悼,3,名詞

Nikkei,見通し,1,動詞

Nikkei,踏まえ,3,動詞

Nikkei,23,13,名詞

Nikkei,１５,1,名詞

Nikkei,高市早苗,11,名詞

Nikkei,みたままつり,1,名詞

Nikkei,題する,1,動詞

Nikkei,平成,1,名詞

Nikkei,80,1,名詞

Nikkei,方針,2,名詞

Nikkei,いう,5,動詞

Nikkei,避け,1,動詞

Nikkei,結びつい,1,動詞

Nikkei,創造,6,名詞

Nikkei,国策,2,名詞

Nikkei,点,1,名詞

Nikkei,語る,1,動詞

Nikkei,インタビュー,1,名詞

Nikkei,供物,8,名詞

Nikkei,明るみ,1,動詞

Nikkei,一,2,名詞

Nikkei,両国,4,名詞

Nikkei,折,1,名詞

Nikkei,対応,3,名詞

Nikkei,中,1,名詞

Nikkei,裏付ける,1,動詞

Nikkei,４,10,名詞

Nikkei,出し,1,動詞

Nikkei,初めて,3,名詞

Nikkei,銘じる,1,動詞

Nikkei,一部,2,名詞

Nikkei,ニュース,1,名詞

Nikkei,近隣,1,名詞

Nikkei,共同,6,名詞

Nikkei,始まる,1,動詞

Nikkei,歌人,1,名詞

Nikkei,毎年,3,名詞

Nikkei,判断,6,名詞

Nikkei,高市,10,名詞

Nikkei,周平,1,名詞

Nikkei,報道,5,名詞

Nikkei,支払い,1,動詞

Nikkei,実現,4,名詞

Nikkei,構築,1,名詞

Nikkei,反発,6,名詞

Nikkei,ちょうど,1,名詞

Nikkei,サンフランシスコ,4,名詞

Nikkei,神社,1,名詞

Nikkei,基づく,1,動詞

Nikkei,参拝者,1,名詞

Nikkei,有村,2,名詞

Nikkei,出版,1,名詞

Nikkei,引き出し,1,動詞

Nikkei,関心,1,名詞

Nikkei,１,4,名詞

Nikkei,協力,5,名詞

Nikkei,今後,1,名詞

Nikkei,配信,1,名詞

Nikkei,前提,1,名詞

Nikkei,無為,1,名詞

Nikkei,大越,1,名詞

Nikkei,一員,1,名詞

Nikkei,中国,12,名詞

Nikkei,地方選,1,名詞

Nikkei,期間,6,名詞

Nikkei,個人,3,名詞

Nikkei,表し,1,動詞

Nikkei,主権,4,名詞

Nikkei,千鳥ケ淵,1,名詞

Nikkei,四季,1,名詞

Nikkei,同党,1,名詞

Nikkei,さ,2,動詞

Nikkei,受け,1,動詞

Nikkei,右翼,1,名詞

Nikkei,改革,6,名詞

Nikkei,新藤義孝,7,名詞

Nikkei,誓い,2,動詞

Nikkei,岡野弘彦,1,名詞

Nikkei,議長,3,名詞

Nikkei,東京,26,名詞

Nikkei,衛藤晟一,4,名詞

Nikkei,尾辻,2,名詞

Nikkei,一人,1,名詞

Nikkei,引き起こす,1,動詞

Nikkei,上旬,1,名詞

Nikkei,ささげ,11,動詞

Nikkei,配慮,1,名詞

Nikkei,ＡＰＥＣ,5,名詞

Nikkei,もたらし,1,動詞

Nikkei,語っ,8,動詞

Nikkei,得,1,動詞

Nikkei,147,1,名詞

Nikkei,禁じ得,2,動詞

Nikkei,き,12,動詞

Nikkei,訴え,1,動詞

Nikkei,21,8,名詞

Nikkei,秋,5,名詞

Nikkei,主義,1,名詞

Nikkei,差す,1,動詞

Nikkei,両院,1,名詞

Nikkei,抗議,2,名詞

Nikkei,日程,1,名詞

Nikkei,訪米,2,名詞

Nikkei,経緯,1,名詞

Nikkei,姿勢,1,名詞

Nikkei,10,8,名詞

Nikkei,84,1,名詞

Nikkei,反応,1,名詞

Nikkei,接触,1,名詞

Nikkei,お参り,1,名詞

Nikkei,懸念,3,名詞

Nikkei,政府,6,名詞

Nikkei,感謝,6,名詞

Nikkei,2012,2,名詞

Nikkei,様々,1,名詞

Nikkei,委員長,7,名詞

Nikkei,犠牲,4,名詞

Nikkei,集団,3,名詞

Nikkei,入閣,1,名詞

Nikkei,問わ,1,動詞

Nikkei,７,2,名詞

Nikkei,本質,1,名詞

Nikkei,東京都,5,名詞

Nikkei,相互,1,名詞

Nikkei,自制,1,名詞

Nikkei,12,8,名詞

Nikkei,会い,1,動詞

Nikkei,明言,2,名詞

Nikkei,長官,7,名詞

Nikkei,一国民,1,名詞

Nikkei,始まっ,5,動詞

Nikkei,改造,3,名詞

Nikkei,安定,2,名詞

Nikkei,予定,1,名詞

Nikkei,島田,1,名詞

Nikkei,定例,1,名詞

Nikkei,述べ,16,動詞

Nikkei,共同通信,1,名詞

Nikkei,衛藤,1,名詞

Nikkei,固有,1,名詞

Nikkei,国会議員,10,名詞

Nikkei,説明,5,名詞

Nikkei,行か,1,動詞

Nikkei,開か,1,動詞

Nikkei,話,2,名詞

Nikkei,靖国神社,66,名詞

Nikkei,対し,3,動詞

Nikkei,課題,1,名詞

Nikkei,願っ,1,動詞

Nikkei,メンバー,3,名詞

Nikkei,人,2,名詞

Nikkei,正面,1,名詞

Nikkei,傾向,1,名詞

Nikkei,厚生,3,名詞

Nikkei,参拝,144,名詞

Nikkei,戦犯,4,名詞

Nikkei,首相官邸,1,名詞

Nikkei,110,1,名詞

Nikkei,資料,4,名詞

Nikkei,有村治子,5,名詞

Nikkei,七,1,名詞

Nikkei,正視,2,名詞

Nikkei,例年,3,名詞

Nikkei,典拠,1,名詞

Nikkei,評価,1,名詞

Nikkei,政治,2,名詞

Nikkei,阿部哲也,1,名詞

Nikkei,秋季,18,名詞

Nikkei,敬意,2,名詞

Nikkei,際,3,名詞

Nikkei,行っ,1,動詞

Nikkei,終戦,14,名詞

Nikkei,論評,2,名詞

Nikkei,十八,1,名詞

Nikkei,答弁,1,名詞

Nikkei,番組,2,名詞

Nikkei,明確,1,名詞

Nikkei,自身,1,名詞

Nikkei,存立,1,名詞

Nikkei,方々,4,名詞

Nikkei,予想,3,名詞

Nikkei,中国側,2,名詞

Nikkei,念,6,名詞

Nikkei,拉致,10,名詞

Nikkei,いけ,1,動詞

Nikkei,衆議院,1,名詞

Nikkei,萩生田光一,2,名詞

Nikkei,夏,1,名詞

Nikkei,ある,4,動詞

Nikkei,内閣,12,名詞

Nikkei,維新,1,名詞

Nikkei,党派,7,名詞

Nikkei,考える,1,動詞

Nikkei,慨嘆,1,名詞

Nikkei,党,2,名詞

Nikkei,さなか,1,名詞

Nikkei,方,1,名詞

Nikkei,話し,2,動詞

Nikkei,最後,1,名詞

Nikkei,巡る,1,動詞

Nikkei,述べる,1,動詞

Nikkei,発足,9,名詞

Nikkei,奉納,17,名詞

Nikkei,国,12,名詞

Nikkei,気持ち,1,名詞

Nikkei,考慮,1,名詞

Nikkei,先立ち,1,動詞

Nikkei,つくる,4,動詞

Nikkei,張,2,名詞

Nikkei,歴史,3,名詞

Nikkei,苦痛,1,名詞

Nikkei,図る,1,動詞

Nikkei,行く,1,動詞

Nikkei,試み,1,動詞

Nikkei,後,1,名詞

Nikkei,控え,1,動詞

Nikkei,可能性,2,名詞

Nikkei,見送り,2,動詞

Nikkei,調査,2,名詞

Nikkei,研究,1,名詞

Nikkei,副議長,4,名詞

Nikkei,会,18,名詞

Nikkei,やめ,2,動詞

Nikkei,菅義偉,5,名詞

Nikkei,閣僚,22,名詞

Nikkei,民主,1,名詞

Nikkei,記帳,6,名詞

Nikkei,期待,1,名詞

Nikkei,コメント,1,名詞

Nikkei,言及,2,名詞

Nikkei,侵略,3,名詞

Nikkei,政権,9,名詞

Nikkei,時代錯誤,1,名詞

Nikkei,ずらす,1,動詞

Nikkei,萩生田,2,名詞

Nikkei,二十,1,名詞

Nikkei,もの,3,名詞

Nikkei,北京,8,名詞

Nikkei,適切,2,名詞

Nikkei,めぐり,1,動詞

Nikkei,午後,12,名詞

Nikkei,17,13,名詞

Nikkei,議員,12,名詞

Nikkei,国際,5,名詞

Nikkei,つながら,1,動詞

Nikkei,認識,2,名詞

Nikkei,日本大使館,1,名詞

Nikkei,あっ,1,動詞

Nikkei,命,6,名詞

Nikkei,あたる,2,動詞

Nikkei,町村信孝,2,名詞

Nikkei,とどめ,2,動詞

Nikkei,合わせ,20,動詞

Nikkei,古屋圭司,8,名詞

Nikkei,制約,1,名詞

Nikkei,反対,3,名詞

Nikkei,両氏,1,名詞

Nikkei,見方,1,名詞

Nikkei,広島,1,名詞

Nikkei,他国,1,名詞

Nikkei,示さ,1,動詞

Nikkei,衆院,4,名詞

Nikkei,靖国,5,名詞

Nikkei,首脳,12,名詞

Nikkei,促す,1,動詞

Nikkei,日本人,2,名詞

Nikkei,高村,5,名詞

Nikkei,伝え,3,動詞

Nikkei,昭和,2,名詞

Nikkei,要求,1,名詞

Nikkei,安倍,12,名詞

Nikkei,指導者,3,名詞

Nikkei,会見,1,名詞

Nikkei,意味,1,名詞

Nikkei,内容,1,名詞

Nikkei,考え,5,動詞

Nikkei,日本経済新聞,1,名詞

Nikkei,小里泰弘,1,名詞

Nikkei,立ち入る,1,動詞

Nikkei,持っ,1,動詞

Nikkei,中日,2,名詞

Nikkei,私費,8,名詞

Nikkei,定説,1,名詞

Nikkei,項,1,名詞

Nikkei,88,1,名詞

Nikkei,東,1,名詞

Nikkei,進展,1,名詞

Nikkei,メモ,3,名詞

Nikkei,自民,1,名詞

Nikkei,古屋,5,名詞

Nikkei,米国,1,名詞

Nikkei,強調,3,名詞

Nikkei,富田朝彦,1,名詞

Nikkei,人民,1,名詞

Nikkei,市内,1,名詞

Nikkei,国家,6,名詞

Nikkei,国民,1,名詞

Nikkei,減っ,1,動詞

Nikkei,訪中,2,名詞

Nikkei,疑い,1,動詞

Nikkei,復帰,1,名詞

Nikkei,首相,48,名詞

Nikkei,13,3,名詞

Nikkei,行政,6,名詞

Nikkei,代理人,1,名詞

Nikkei,行わ,1,動詞

Nikkei,有志,4,名詞

Nikkei,次世代,1,名詞

Nikkei,女性,6,名詞

Nikkei,閣議,6,名詞

Nikkei,今年,3,名詞

Nikkei,目指し,1,動詞

Nikkei,だっ,1,動詞

Nikkei,ちょうちん,1,名詞

Nikkei,卜部亮吾,1,名詞

Nikkei,記述,2,名詞

Nikkei,向かう,2,動詞

Nikkei,リーダー,1,名詞

Nikkei,朝刊,1,名詞

Nikkei,続き,5,動詞

Nikkei,韓日,1,名詞

Nikkei,超,1,名詞

Nikkei,秩序,2,名詞

Nikkei,午前,26,名詞

Nikkei,高村正彦,1,名詞

Nikkei,念頭,1,名詞

Nikkei,領,1,名詞

Nikkei,近年,1,名詞

Nikkei,哀悼,4,名詞

Nikkei,徳江,1,名詞

Nikkei,歴代,1,名詞

Nikkei,洋,1,名詞

Nikkei,26,5,名詞

Nikkei,20,5,名詞

Nikkei,墓苑,1,名詞

Nikkei,こめ,1,動詞

Nikkei,参っ,1,動詞

Nikkei,経済,5,名詞

Nikkei,意向,2,名詞

Nikkei,思う,4,動詞

Nikkei,主張,2,名詞

Nikkei,なる,1,動詞

Nikkei,戦没者,1,名詞

Nikkei,する,5,動詞

Nikkei,８,11,名詞

Nikkei,参院,7,名詞

Nikkei,青年,1,名詞

Nikkei,15,34,名詞

Nikkei,発効,4,名詞

Nikkei,連盟,4,名詞

Nikkei,中韓,5,名詞

Nikkei,取材,1,名詞

Nikkei,昨年,13,名詞

Nikkei,訪れ,4,動詞

Nikkei,内閣府,2,名詞

Nikkei,指摘,5,名詞

Nikkei,避ける,3,動詞

Nikkei,段階,1,名詞

Nikkei,100,1,名詞

Nikkei,参加,4,名詞

Nikkei,例大祭,46,名詞

Nikkei,いずれ,3,名詞

Nikkei,出,1,動詞

Nikkei,肝,1,名詞

Nikkei,９,3,名詞

Nikkei,自ら,1,名詞

Nikkei,否定,2,名詞

Nikkei,会議,7,名詞

Nikkei,実録,2,名詞

Nikkei,歌,1,名詞

Nikkei,俯瞰,1,名詞

Nikkei,合祀,5,名詞

Nikkei,合う,1,動詞

Nikkei,関係,8,名詞

Nikkei,採用,1,名詞

Nikkei,まこと,1,名詞

Nikkei,伝統,6,名詞

Nikkei,領土,1,名詞

Nikkei,ソウル,2,名詞

Nikkei,見送る,7,動詞

Nikkei,同日,7,名詞

Nikkei,竹島,1,名詞

Nikkei,山田宏,1,名詞

Nikkei,事務局,1,名詞

Nikkei,挑戦,1,名詞

Nikkei,外交,4,名詞

Nikkei,自重,1,名詞

Nikkei,塩崎,1,名詞

Nikkei,尊崇,6,名詞

Nikkei,恒久,2,名詞

Nikkei,責務,1,名詞

Nikkei,改善,3,名詞

Nikkei,乗り出す,1,動詞

Nikkei,報道官,5,名詞

Nikkei,努力,1,名詞

Nikkei,政務官,2,名詞

Nikkei,山谷,3,名詞

Nikkei,特別,2,名詞

Nikkei,加藤,1,名詞

Nikkei,関する,1,動詞

Nikkei,言わ,2,動詞

Nikkei,分かっ,1,動詞

Nikkei,富田,2,名詞

Nikkei,ＣＣＴＶ,1,名詞

Nikkei,献灯,1,名詞

Nikkei,国益,2,名詞

Nikkei,78,1,名詞

Nikkei,嘆き,1,動詞

Nikkei,し,37,動詞

Nikkei,聞き置い,1,動詞

Nikkei,よば,3,動詞

Nikkei,誠,5,名詞

Nikkei,み霊,3,名詞

Nikkei,就任,2,名詞

Nikkei,講和条約,4,名詞

Nikkei,呼ば,5,動詞

Nikkei,見送っ,2,動詞

Nikkei,限ら,1,動詞

Nikkei,タイミング,1,名詞

Nikkei,尾辻秀久,7,名詞

Nikkei,実際,1,名詞

Nikkei,海江田万里,1,名詞

Nikkei,都内,1,名詞

Nikkei,要人,2,名詞

Nikkei,世界,1,名詞

Nikkei,理解,1,名詞

Nikkei,侍従,1,名詞

Nikkei,自民党,12,名詞

Nikkei,小泉進次郎,2,名詞

Nikkei,こと,40,名詞

Nikkei,指南,1,名詞

Nikkei,言葉,1,名詞

Nikkei,落とし,1,動詞

Nikkei,11,4,名詞

Nikkei,示す,2,動詞

Nikkei,ふれ,1,動詞

Nikkei,遺族会,2,名詞

Nikkei,千代田区,5,名詞

Nikkei,含む,2,動詞

Nikkei,志位和夫,1,名詞

Nikkei,九,24,名詞

Nikkei,批判,5,名詞

Nikkei,大会,1,名詞

Nikkei,22,7,名詞

Nikkei,局長,4,名詞

Nikkei,独島,2,名詞

Nikkei,反論,1,名詞

Nikkei,日中,12,名詞

Nikkei,新藤,7,名詞

Nikkei,テレビ,1,名詞

Nikkei,山口那津男,3,名詞

Nikkei,肩書,1,名詞

Nikkei,５,5,名詞

Nikkei,総裁,6,名詞

Nikkei,残念,1,名詞

Nikkei,やる,1,動詞

Nikkei,序列,1,名詞

Nikkei,守っ,1,動詞

Nikkei,春季,14,名詞

Nikkei,なっ,8,動詞

Nikkei,総仕上げ,1,名詞

Nikkei,同様,2,名詞

Nikkei,匡,1,名詞

Nikkei,信頼,2,名詞

Nikkei,大臣,11,名詞

Nikkei,戦後,1,名詞

Nikkei,幹事,1,名詞

Nikkei,外務,2,名詞

Nikkei,天皇,4,名詞

Nikkei,あわせ,1,動詞

Nikkei,立場,2,名詞

Nikkei,狙い,1,動詞

Nikkei,官邸,1,名詞

Nikkei,学,1,名詞

Nikkei,策動,1,名詞

Nikkei,厳守,1,名詞

Nikkei,信教,1,名詞

Nikkei,お祈り,1,名詞

Nikkei,真榊,17,名詞

Nikkei,発表,3,名詞

Nikkei,山崎正昭,2,名詞

Nikkei,補佐,2,名詞

Nikkei,約束,3,名詞

Nikkei,納め,10,動詞

Nikkei,玉串料,11,名詞

Nikkei,答え,1,動詞

Nikkei,ご冥福,1,名詞

Nikkei,民主党,1,名詞

Nikkei,行動,2,名詞

Nikkei,野田聖子,1,名詞

Nikkei,統一,1,名詞

Nikkei,現職,2,名詞

Nikkei,行為,7,名詞

Nikkei,記念,13,名詞

Nikkei,散っ,1,動詞

Nikkei,名,5,名詞

Nikkei,取っ,1,動詞

Nikkei,相手,1,名詞

Nikkei,通じ,2,動詞

Nikkei,平和,5,名詞

Nikkei,共産党,2,名詞

Nikkei,前向き,2,名詞

Nikkei,新華社,1,名詞

Nikkei,北,24,名詞

Nikkei,失望,1,名詞

Nikkei,時間,1,名詞

Nikkei,みなさま,1,名詞

Nikkei,関し,5,動詞

Nikkei,辞職,1,名詞

Nikkei,申し上げる,1,動詞

Nikkei,総務,24,名詞

Nikkei,皆さん,1,名詞

Nikkei,一方,1,名詞

Nikkei,2014,1,名詞

Nikkei,官房,5,名詞

Nikkei,影響,7,名詞

Nikkei,宮内庁,1,名詞

Nikkei,３,16,名詞

Nikkei,ごうし,2,名詞

Nikkei,記者会見,16,名詞

Nikkei,ラジオ日本,1,名詞

Nikkei,2013,1,名詞

Nikkei,これ,1,名詞

Nikkei,帝国,1,名詞

Nikkei,取り上げ,1,動詞

Nikkei,それ,1,名詞

Nikkei,表明,2,名詞

Nikkei,昨年末,1,名詞

Nikkei,隣国,2,名詞

Nikkei,発展,2,名詞

Nikkei,英霊,4,名詞

Nikkei,質問,1,名詞

Nikkei,社会,3,名詞

Nikkei,自由,2,名詞

Nikkei,繰り返し,2,動詞

Nikkei,戦い,1,動詞

Nikkei,評論,1,名詞

Nikkei,水,1,名詞

Nikkei,国営,2,名詞

Nikkei,岸信夫,2,名詞

Nikkei,春,4,名詞

Nikkei,ため,12,名詞

Nikkei,込め,1,動詞

Nikkei,遅らせ,1,動詞

Nikkei,初当選,1,名詞

Nikkei,検討,1,名詞

Nikkei,代表,6,名詞

Nikkei,中央,3,名詞

Nikkei,106,1,名詞

Nikkei,ふかん,1,名詞

Nikkei,会談,14,名詞

Nikkei,事実,1,名詞

Nikkei,稲田,5,名詞

Nikkei,もっ,1,動詞

Nikkei,衆参,2,名詞

Nikkei,殉じ,2,動詞

Nikkei,外務省,8,名詞

Nikkei,アジア,7,名詞

Nikkei,思い,3,動詞

Nikkei,山田,1,名詞

Nikkei,Ａ級,4,名詞

Nikkei,自然,1,名詞

Nikkei,私ども,1,名詞

Nikkei,記者,9,名詞

Nikkei,日記,1,名詞

Nikkei,求め,5,動詞

Nikkei,提案,1,名詞

Nikkei,要請,1,名詞

Nikkei,反省,3,名詞

Nikkei,安倍晋三,24,名詞

Nikkei,回復,4,名詞

Nikkei,179,1,名詞

Nikkei,宏一,1,名詞

Nikkei,形式,1,名詞

Nikkei,全国,1,名詞

Nikkei,稲田朋美,6,名詞

Nikkei,署名,1,名詞

Sankei,山谷えり子,4,名詞

Sankei,メートル,1,名詞

Sankei,広島県,1,名詞

Sankei,講演,1,名詞

Sankei,新聞,1,名詞

Sankei,行為,4,名詞

Sankei,友人,1,名詞

Sankei,中曽根康弘,1,名詞

Sankei,呼ば,8,動詞

Sankei,米国,1,名詞

Sankei,訪問,7,名詞

Sankei,とき,2,名詞

Sankei,神,1,名詞

Sankei,練馬区,1,名詞

Sankei,それぞれ,3,名詞

Sankei,解放,1,名詞

Sankei,朝,1,名詞

Sankei,１００,1,名詞

Sankei,誠,7,名詞

Sankei,処理,1,名詞

Sankei,なら,1,動詞

Sankei,関し,5,動詞

Sankei,発表,4,名詞

Sankei,部隊,1,名詞

Sankei,もっ,2,動詞

Sankei,終戦,8,名詞

Sankei,新京報,1,名詞

Sankei,前提,1,名詞

Sankei,見送っ,2,動詞

Sankei,控える,1,動詞

Sankei,９２,1,名詞

Sankei,見出し,1,名詞

Sankei,稲田,2,名詞

Sankei,参拝,99,名詞

Sankei,受け,4,動詞

Sankei,額,2,名詞

Sankei,ネパール,5,名詞

Sankei,平方,1,名詞

Sankei,み,2,動詞

Sankei,運営,1,名詞

Sankei,持ち,1,動詞

Sankei,答弁書,2,名詞

Sankei,いえる,1,動詞

Sankei,墓地,1,名詞

Sankei,配慮,4,名詞

Sankei,担当,7,名詞

Sankei,尽くさ,1,動詞

Sankei,国内,1,名詞

Sankei,感慨,1,名詞

Sankei,ところ,1,名詞

Sankei,２６,2,名詞

Sankei,わたっ,1,動詞

Sankei,紳士協定,1,名詞

Sankei,小野寺,1,名詞

Sankei,改革,2,名詞

Sankei,義則,1,名詞

Sankei,もの,4,名詞

Sankei,戦地,2,名詞

Sankei,かい,1,名詞

Sankei,鎮魂,1,名詞

Sankei,管理,1,名詞

Sankei,カルキ,1,名詞

Sankei,一人,1,名詞

Sankei,復帰,1,名詞

Sankei,示唆,1,名詞

Sankei,６９,1,名詞

Sankei,ま,1,動詞

Sankei,よしひで,1,名詞

Sankei,５,5,名詞

Sankei,有村,2,名詞

Sankei,出し,2,動詞

Sankei,稲田朋美,1,名詞

Sankei,補佐官,1,名詞

Sankei,就任,1,名詞

Sankei,世界,1,名詞

Sankei,思っ,3,動詞

Sankei,監督,1,名詞

Sankei,中国側,1,名詞

Sankei,間,3,名詞

Sankei,総理,3,名詞

Sankei,そば,4,名詞

Sankei,象徴,2,名詞

Sankei,申し上げ,1,動詞

Sankei,いずれ,1,名詞

Sankei,解消,1,名詞

Sankei,男性,1,名詞

Sankei,政権,3,名詞

Sankei,対する,3,動詞

Sankei,九段,2,名詞

Sankei,美容,1,名詞

Sankei,論評,8,名詞

Sankei,入っ,2,動詞

Sankei,小泉純一郎,1,名詞

Sankei,軍国,2,名詞

Sankei,北京,2,名詞

Sankei,ハーフ,2,名詞

Sankei,よっ,1,動詞

Sankei,中韓,2,名詞

Sankei,責任,1,名詞

Sankei,捨て,1,動詞

Sankei,対策,1,名詞

Sankei,激戦,2,名詞

Sankei,メディア,1,名詞

Sankei,献花,1,名詞

Sankei,影響,1,名詞

Sankei,南東,1,名詞

Sankei,藤本,1,名詞

Sankei,秋,1,名詞

Sankei,静岡県,1,名詞

Sankei,ネス,1,名詞

Sankei,泰朗,1,名詞

Sankei,本人,1,名詞

Sankei,接近,1,名詞

Sankei,産業,1,名詞

Sankei,長官,5,名詞

Sankei,同様,1,名詞

Sankei,千葉県,1,名詞

Sankei,語り,2,動詞

Sankei,遺骨,1,名詞

Sankei,秩序,1,名詞

Sankei,しんし,1,名詞

Sankei,促し,2,動詞

Sankei,シンガポール,1,名詞

Sankei,北朝鮮,2,名詞

Sankei,記念,2,名詞

Sankei,自称,1,名詞

Sankei,２０,8,名詞

Sankei,いう,9,動詞

Sankei,通信,1,名詞

Sankei,名村,1,名詞

Sankei,戦犯,2,名詞

Sankei,森田健作,1,名詞

Sankei,侵略,4,名詞

Sankei,取り組む,1,動詞

Sankei,戦没者,7,名詞

Sankei,犠牲,1,名詞

Sankei,落とし,1,動詞

Sankei,報道官,9,名詞

Sankei,訴え,1,動詞

Sankei,石,1,名詞

Sankei,関心,2,名詞

Sankei,自然,1,名詞

Sankei,デーリー,2,名詞

Sankei,１１０,1,名詞

Sankei,再生,2,名詞

Sankei,浦山,2,名詞

Sankei,捕虜,1,名詞

Sankei,美化,2,名詞

Sankei,昭和,4,名詞

Sankei,８,6,名詞

Sankei,コヒマ,2,名詞

Sankei,出身,1,名詞

Sankei,超す,1,動詞

Sankei,みたま,1,名詞

Sankei,戦死,3,名詞

Sankei,母,1,名詞

Sankei,顔,1,名詞

Sankei,知事,4,名詞

Sankei,植民地,1,名詞

Sankei,スーツ,1,名詞

Sankei,発展,5,名詞

Sankei,外交,1,名詞

Sankei,慰め,1,動詞

Sankei,国民,2,名詞

Sankei,霊,7,名詞

Sankei,了解,2,名詞

Sankei,宣言,1,名詞

Sankei,動かす,1,動詞

Sankei,佐藤幸徳,1,名詞

Sankei,記憶,1,名詞

Sankei,党,6,名詞

Sankei,７,1,名詞

Sankei,２,5,名詞

Sankei,祈り,1,動詞

Sankei,学校,1,名詞

Sankei,建造物,2,名詞

Sankei,見学,1,名詞

Sankei,働き掛け,1,動詞

Sankei,法務省,1,名詞

Sankei,失望,2,名詞

Sankei,松島,2,名詞

Sankei,政治,2,名詞

Sankei,指導者,2,名詞

Sankei,洪,2,名詞

Sankei,８８,1,名詞

Sankei,職責,1,名詞

Sankei,豊島区,1,名詞

Sankei,展開,2,名詞

Sankei,イタリア,1,名詞

Sankei,強調,4,名詞

Sankei,形,2,名詞

Sankei,上,1,名詞

Sankei,２００５,1,名詞

Sankei,身内,1,名詞

Sankei,議連,1,名詞

Sankei,アフリカ,1,名詞

Sankei,自衛隊,1,名詞

Sankei,九,7,名詞

Sankei,春季,5,名詞

Sankei,メンバー,2,名詞

Sankei,北東部,1,名詞

Sankei,産経新聞,1,名詞

Sankei,塩崎恭久,1,名詞

Sankei,サンフランシスコ,1,名詞

Sankei,軍兵士,2,名詞

Sankei,幸運,1,名詞

Sankei,舞台,1,名詞

Sankei,態度,2,名詞

Sankei,局長,1,名詞

Sankei,１１,4,名詞

Sankei,師団,3,名詞

Sankei,体制,1,名詞

Sankei,思い,3,動詞

Sankei,王毅,1,名詞

Sankei,向け,4,動詞

Sankei,存立,1,名詞

Sankei,防衛,1,名詞

Sankei,翌年,1,名詞

Sankei,Ａ級,1,名詞

Sankei,真榊,15,名詞

Sankei,新華社,2,名詞

Sankei,根本,1,名詞

Sankei,陸軍,2,名詞

Sankei,知ら,1,動詞

Sankei,順守,1,名詞

Sankei,持ち続け,1,動詞

Sankei,刺し,1,動詞

Sankei,国際,2,名詞

Sankei,歓待,1,名詞

Sankei,自粛,1,名詞

Sankei,皆さん,1,名詞

Sankei,各地,2,名詞

Sankei,代表,2,名詞

Sankei,政府,9,名詞

Sankei,誇り,2,動詞

Sankei,進め,2,動詞

Sankei,２９,2,名詞

Sankei,東京,8,名詞

Sankei,記帳,1,名詞

Sankei,逮捕,3,名詞

Sankei,ロンドン,1,名詞

Sankei,出席者,1,名詞

Sankei,率い,1,動詞

Sankei,７０,2,名詞

Sankei,いる,1,動詞

Sankei,反対,5,名詞

Sankei,抗議,1,名詞

Sankei,武藤容治,1,名詞

Sankei,つい,18,動詞

Sankei,無職,2,名詞

Sankei,行動,6,名詞

Sankei,山口那津男,1,名詞

Sankei,宮司,1,名詞

Sankei,当局者,1,名詞

Sankei,可能性,2,名詞

Sankei,法務,2,名詞

Sankei,語っ,6,動詞

Sankei,分かっ,1,動詞

Sankei,お喜び,1,名詞

Sankei,伝統,1,名詞

Sankei,１４,3,名詞

Sankei,千代田区,6,名詞

Sankei,関連,1,名詞

Sankei,矢,1,名詞

Sankei,拉致,5,名詞

Sankei,味わっ,1,動詞

Sankei,軍人,1,名詞

Sankei,入校,1,名詞

Sankei,カバン,1,名詞

Sankei,尊崇,3,名詞

Sankei,英軍,2,名詞

Sankei,人民,1,名詞

Sankei,性質,1,名詞

Sankei,殉じ,2,動詞

Sankei,名,3,名詞

Sankei,当たり前,1,名詞

Sankei,内藤,1,名詞

Sankei,形容,1,名詞

Sankei,共通,1,名詞

Sankei,議員,17,名詞

Sankei,超,1,名詞

Sankei,分かれる,1,動詞

Sankei,長男,1,名詞

Sankei,一方,3,名詞

Sankei,戦っ,3,動詞

Sankei,意味,1,名詞

Sankei,主張,3,名詞

Sankei,修治,1,名詞

Sankei,方,4,名詞

Sankei,敬意,2,名詞

Sankei,質問,4,名詞

Sankei,ウタパル,1,名詞

Sankei,政治家,1,名詞

Sankei,一昨年,1,名詞

Sankei,敵,1,名詞

Sankei,屋根,1,名詞

Sankei,有村治子,3,名詞

Sankei,方法,1,名詞

Sankei,悪化,3,名詞

Sankei,戦い,3,名詞

Sankei,世代,2,名詞

Sankei,退役,1,名詞

Sankei,震え,2,動詞

Sankei,拍手,1,名詞

Sankei,健全,1,名詞

Sankei,信任,1,名詞

Sankei,出席,2,名詞

Sankei,王,1,名詞

Sankei,戦後,1,名詞

Sankei,シャングリラ,1,名詞

Sankei,亡くなっ,2,動詞

Sankei,１８,3,名詞

Sankei,先,2,名詞

Sankei,あいさつ,1,名詞

Sankei,新藤義孝,4,名詞

Sankei,なる,5,動詞

Sankei,政務官,3,名詞

Sankei,し,36,動詞

Sankei,以降,1,名詞

Sankei,榊,1,名詞

Sankei,苦しみ,1,動詞

Sankei,真,1,名詞

Sankei,見通し,1,動詞

Sankei,話,2,名詞

Sankei,ボルプジャリ,1,名詞

Sankei,忘れ,1,動詞

Sankei,今後,3,名詞

Sankei,運用,1,名詞

Sankei,けが人,1,名詞

Sankei,女性,3,名詞

Sankei,協力,2,名詞

Sankei,会話,1,名詞

Sankei,実現,3,名詞

Sankei,電子,1,名詞

Sankei,手,6,名詞

Sankei,維新,2,名詞

Sankei,燃やし,1,動詞

Sankei,文部,1,名詞

Sankei,ＡＰＥＣ,2,名詞

Sankei,山形県,1,名詞

Sankei,時間,2,名詞

Sankei,夏,1,名詞

Sankei,ニュース,1,名詞

Sankei,英,4,名詞

Sankei,在住,3,名詞

Sankei,さまざま,1,名詞

Sankei,祖父,1,名詞

Sankei,触れ,1,動詞

Sankei,施設,1,名詞

Sankei,注ぐ,1,動詞

Sankei,いつのり,1,名詞

Sankei,党首,1,名詞

Sankei,泰二,1,名詞

Sankei,説明,3,名詞

Sankei,韓日,1,名詞

Sankei,企画,1,名詞

Sankei,フィリピン,1,名詞

Sankei,国策,2,名詞

Sankei,改造,1,名詞

Sankei,指揮,1,名詞

Sankei,予断,1,名詞

Sankei,やっ,1,動詞

Sankei,歩み,4,動詞

Sankei,吉田,1,名詞

Sankei,補佐,1,名詞

Sankei,夕食会,1,名詞

Sankei,判断,5,名詞

Sankei,一念,1,名詞

Sankei,ＴＰＰ,1,名詞

Sankei,両国,2,名詞

Sankei,訪中,1,名詞

Sankei,感謝,6,名詞

Sankei,見送り,1,動詞

Sankei,菅義偉,3,名詞

Sankei,３０,2,名詞

Sankei,一,1,名詞

Sankei,答え,5,動詞

Sankei,高齢,1,名詞

Sankei,国務省,1,名詞

Sankei,天国,1,名詞

Sankei,一部,3,名詞

Sankei,公式,1,名詞

Sankei,いい,1,動詞

Sankei,会員,1,名詞

Sankei,社説,2,名詞

Sankei,示し,9,動詞

Sankei,テレビ,1,名詞

Sankei,社殿,1,名詞

Sankei,来,2,動詞

Sankei,英霊,5,名詞

Sankei,中央,2,名詞

Sankei,灯油,1,名詞

Sankei,安全保障,1,名詞

Sankei,聖良,1,名詞

Sankei,対象,1,名詞

Sankei,参謀,1,名詞

Sankei,法,1,名詞

Sankei,春,2,名詞

Sankei,言わ,1,動詞

Sankei,訪れる,1,動詞

Sankei,納め,1,動詞

Sankei,山崎正昭,1,名詞

Sankei,２８,2,名詞

Sankei,警戒感,1,名詞

Sankei,午前,11,名詞

Sankei,所属,2,名詞

Sankei,歴史観,1,名詞

Sankei,私人,2,名詞

Sankei,公明,1,名詞

Sankei,結果,1,名詞

Sankei,ささげ,13,動詞

Sankei,とっ,1,動詞

Sankei,き,5,動詞

Sankei,中,4,名詞

Sankei,応じ,1,動詞

Sankei,明確,1,名詞

Sankei,党派,8,名詞

Sankei,映像,1,名詞

Sankei,中央区,1,名詞

Sankei,千鳥ケ淵,1,名詞

Sankei,直視,3,名詞

Sankei,他国,1,名詞

Sankei,墓苑,1,名詞

Sankei,コメント,2,名詞

Sankei,平成,2,名詞

Sankei,洪磊,3,名詞

Sankei,まつら,1,動詞

Sankei,歴史,9,名詞

Sankei,そらす,1,動詞

Sankei,目的,1,名詞

Sankei,受け取っ,1,動詞

Sankei,対応,4,名詞

Sankei,戦争,3,名詞

Sankei,端的,1,名詞

Sankei,次世代,3,名詞

Sankei,赤池誠章,1,名詞

Sankei,ため,13,名詞

Sankei,山下芳生,1,名詞

Sankei,集団,5,名詞

Sankei,入国,1,名詞

Sankei,保土ケ谷区,1,名詞

Sankei,なさっ,1,動詞

Sankei,評価,1,名詞

Sankei,完遂,1,名詞

Sankei,参拝者,2,名詞

Sankei,木箱,1,名詞

Sankei,平和,7,名詞

Sankei,分野,1,名詞

Sankei,慰霊,4,名詞

Sankei,ＡＳＥＭ,2,名詞

Sankei,避ける,2,動詞

Sankei,決別,1,名詞

Sankei,比護,1,名詞

Sankei,遊就館,1,名詞

Sankei,一行,2,名詞

Sankei,立国,1,名詞

Sankei,個別,1,名詞

Sankei,会議,10,名詞

Sankei,ディ,1,名詞

Sankei,コルチェスター,1,名詞

Sankei,まっとう,1,名詞

Sankei,慨嘆,1,名詞

Sankei,慎ん,1,動詞

Sankei,大臣,6,名詞

Sankei,３４,1,名詞

Sankei,中国,12,名詞

Sankei,中日,3,名詞

Sankei,駆けつけ,1,動詞

Sankei,談話,3,名詞

Sankei,みんな,5,名詞

Sankei,法相,3,名詞

Sankei,深める,1,動詞

Sankei,協会,3,名詞

Sankei,活躍,3,名詞

Sankei,拝む,1,動詞

Sankei,インドネシア,1,名詞

Sankei,本部長,1,名詞

Sankei,衛藤晟一,1,名詞

Sankei,容疑,4,名詞

Sankei,被害者,1,名詞

Sankei,公安,6,名詞

Sankei,日英,1,名詞

Sankei,沢本,1,名詞

Sankei,これ,3,名詞

Sankei,東シナ海,1,名詞

Sankei,後,4,名詞

Sankei,観光,1,名詞

Sankei,秋季,10,名詞

Sankei,取り組み,1,動詞

Sankei,ほか,2,名詞

Sankei,隆寛,1,名詞

Sankei,意向,2,名詞

Sankei,開門,2,名詞

Sankei,個人,3,名詞

Sankei,存在,1,名詞

Sankei,お参り,2,名詞

Sankei,社会,1,名詞

Sankei,共産党,1,名詞

Sankei,ロイ,1,名詞

Sankei,主義,2,名詞

Sankei,二,2,名詞

Sankei,書記,1,名詞

Sankei,守っ,3,動詞

Sankei,経済,6,名詞

Sankei,他,1,名詞

Sankei,目,1,名詞

Sankei,前置き,1,名詞

Sankei,公然,1,名詞

Sankei,同行,1,名詞

Sankei,亡くし,1,動詞

Sankei,ソウル,2,名詞

Sankei,松島みどり,1,名詞

Sankei,得,1,動詞

Sankei,ウェランド,1,名詞

Sankei,議長,2,名詞

Sankei,後期,1,名詞

Sankei,古屋圭司,4,名詞

Sankei,マッチ,1,名詞

Sankei,行政,1,名詞

Sankei,解決,1,名詞

Sankei,豊,1,名詞

Sankei,会社員,1,名詞

Sankei,経緯,2,名詞

Sankei,会長,8,名詞

Sankei,労働,5,名詞

Sankei,掲載,2,名詞

Sankei,立場,2,名詞

Sankei,軍機,1,名詞

Sankei,姉妹,1,名詞

Sankei,閣僚,10,名詞

Sankei,料理店,1,名詞

Sankei,厚生,4,名詞

Sankei,全国,2,名詞

Sankei,首脳,8,名詞

Sankei,身柄,1,名詞

Sankei,それ,1,名詞

Sankei,姿勢,3,名詞

Sankei,関する,2,動詞

Sankei,バンドン,1,名詞

Sankei,せいら,1,名詞

Sankei,幹事,1,名詞

Sankei,英字,1,名詞

Sankei,鎮,5,名詞

Sankei,とどめ,1,動詞

Sankei,玉井,1,名詞

Sankei,連携,1,名詞

Sankei,各国,1,名詞

Sankei,非難,2,名詞

Sankei,近隣国,2,名詞

Sankei,海上,1,名詞

Sankei,期間,4,名詞

Sankei,ちなみ,1,動詞

Sankei,総務,11,名詞

Sankei,科学,1,名詞

Sankei,母国,1,名詞

Sankei,尾辻秀久,4,名詞

Sankei,直接,2,名詞

Sankei,国益,1,名詞

Sankei,広島市,1,名詞

Sankei,方向,3,名詞

Sankei,求め,3,動詞

Sankei,加わっ,1,動詞

Sankei,誓い,1,動詞

Sankei,示さ,1,動詞

Sankei,今回,3,名詞

Sankei,合わせ,15,動詞

Sankei,農業,1,名詞

Sankei,予定,6,名詞

Sankei,不戦,1,名詞

Sankei,場,1,名詞

Sankei,参加者,1,名詞

Sankei,発信,1,名詞

Sankei,衆院,3,名詞

Sankei,アジア欧州会議,1,名詞

Sankei,権利,1,名詞

Sankei,課題,1,名詞

Sankei,声,1,名詞

Sankei,成長,1,名詞

Sankei,続け,1,動詞

Sankei,入り,1,動詞

Sankei,際,3,名詞

Sankei,日程,1,名詞

Sankei,安倍晋三,25,名詞

Sankei,与野党,1,名詞

Sankei,連盟,9,名詞

Sankei,応じる,1,動詞

Sankei,祈る,1,動詞

Sankei,若葉,1,名詞

Sankei,東京都,8,名詞

Sankei,かけ,2,動詞

Sankei,機関,1,名詞

Sankei,確保,2,名詞

Sankei,招い,1,動詞

Sankei,１,3,名詞

Sankei,回復,1,名詞

Sankei,李氏,1,名詞

Sankei,総裁,3,名詞

Sankei,障害,1,名詞

Sankei,敷地,2,名詞

Sankei,いたし,1,動詞

Sankei,誤っ,1,動詞

Sankei,外務省,6,名詞

Sankei,イデオロギー,1,名詞

Sankei,ご自分,1,名詞

Sankei,アジア,6,名詞

Sankei,考え方,1,名詞

Sankei,代理,2,名詞

Sankei,萩生田,1,名詞

Sankei,包ま,1,動詞

Sankei,感じ,1,動詞

Sankei,主意書,1,名詞

Sankei,会談,5,名詞

Sankei,党幹部,1,名詞

Sankei,迎え,1,動詞

Sankei,遺族,2,名詞

Sankei,入れ,1,動詞

Sankei,エネルギー,1,名詞

Sankei,人類,1,名詞

Sankei,２５,1,名詞

Sankei,務める,1,動詞

Sankei,現職,1,名詞

Sankei,日本人,3,名詞

Sankei,述べる,1,動詞

Sankei,有無,1,名詞

Sankei,自然体,1,名詞

Sankei,供述,3,名詞

Sankei,ささげる,1,動詞

Sankei,起こさ,1,動詞

Sankei,考える,1,動詞

Sankei,弟,1,名詞

Sankei,恒久,1,名詞

Sankei,一国,1,名詞

Sankei,家族,2,名詞

Sankei,方々,6,名詞

Sankei,指摘,2,名詞

Sankei,修正,1,名詞

Sankei,落ち,2,動詞

Sankei,１５,13,名詞

Sankei,よる,6,動詞

Sankei,調べる,1,動詞

Sankei,焼け,1,動詞

Sankei,すが,1,名詞

Sankei,浜田和幸,1,名詞

Sankei,呉市,1,名詞

Sankei,１２,6,名詞

Sankei,問題,10,名詞

Sankei,環太平洋,1,名詞

Sankei,対し,6,動詞

Sankei,画し,1,動詞

Sankei,毎年,2,名詞

Sankei,発足,3,名詞

Sankei,韓国,5,名詞

Sankei,一員,1,名詞

Sankei,信用,1,名詞

Sankei,聯合,1,名詞

Sankei,目立ち,1,動詞

Sankei,禁じ得,2,動詞

Sankei,おい,1,動詞

Sankei,情報,1,名詞

Sankei,改善,2,名詞

Sankei,早期,1,名詞

Sankei,安倍,10,名詞

Sankei,９,1,名詞

Sankei,明かし,1,動詞

Sankei,会場,1,名詞

Sankei,８３,1,名詞

Sankei,駐日,1,名詞

Sankei,英連邦,1,名詞

Sankei,御霊,3,名詞

Sankei,通報,1,名詞

Sankei,衆院選,1,名詞

Sankei,根本匠,1,名詞

Sankei,神社,6,名詞

Sankei,戦死者,3,名詞

Sankei,意思,1,名詞

Sankei,一定,1,名詞

Sankei,公明党,1,名詞

Sankei,関係者,2,名詞

Sankei,参院,4,名詞

Sankei,政調,3,名詞

Sankei,結ん,1,動詞

Sankei,避け,2,動詞

Sankei,フード,1,名詞

Sankei,警視庁,2,名詞

Sankei,会,5,名詞

Sankei,北,9,名詞

Sankei,向き合い,1,動詞

Sankei,懸念,1,名詞

Sankei,行か,1,動詞

Sankei,萩生田光一,1,名詞

Sankei,環境,1,名詞

Sankei,国家,9,名詞

Sankei,官房,5,名詞

Sankei,節目,1,名詞

Sankei,崇敬,1,名詞

Sankei,２２,5,名詞

Sankei,魂,1,名詞

Sankei,汗,2,名詞

Sankei,ポスト,1,名詞

Sankei,前,2,名詞

Sankei,確認,2,名詞

Sankei,決定,2,名詞

Sankei,思う,5,動詞

Sankei,国,11,名詞

Sankei,話し,4,動詞

Sankei,烈,1,名詞

Sankei,庄内町,1,名詞

Sankei,タイミング,2,名詞

Sankei,良心,1,名詞

Sankei,勉強,1,名詞

Sankei,祭っ,1,動詞

Sankei,議会,1,名詞

Sankei,私費,4,名詞

Sankei,１９８５,1,名詞

Sankei,上空,1,名詞

Sankei,挑戦,1,名詞

Sankei,時期,3,名詞

Sankei,報じ,2,動詞

Sankei,否定,5,名詞

Sankei,い,2,動詞

Sankei,日本,37,名詞

Sankei,外国,1,名詞

Sankei,発見,2,名詞

Sankei,３１,3,名詞

Sankei,復興,1,名詞

Sankei,２３,8,名詞

Sankei,大戦,3,名詞

Sankei,知っ,1,動詞

Sankei,明言,2,名詞

Sankei,行わ,2,動詞

Sankei,キャスト,1,名詞

Sankei,塗炭,1,名詞

Sankei,協定,1,名詞

Sankei,報道,2,名詞

Sankei,宗教,1,名詞

Sankei,欣也,1,名詞

Sankei,なっ,1,動詞

Sankei,発生,1,名詞

Sankei,定例,2,名詞

Sankei,署員,1,名詞

Sankei,感覚,1,名詞

Sankei,外壁,1,名詞

Sankei,開か,2,動詞

Sankei,私,3,名詞

Sankei,命,7,名詞

Sankei,ギャワリ,1,名詞

Sankei,焼身自殺,2,名詞

Sankei,質疑,1,名詞

Sankei,決める,1,動詞

Sankei,殺さ,1,動詞

Sankei,そっち,1,名詞

Sankei,行田,1,名詞

Sankei,靖国,4,名詞

Sankei,発効,1,名詞

Sankei,８４,1,名詞

Sankei,境内,1,名詞

Sankei,千葉市,1,名詞

Sankei,またい,1,動詞

Sankei,２７,2,名詞

Sankei,３,8,名詞

Sankei,長期,2,名詞

Sankei,わが国,1,名詞

Sankei,現地,1,名詞

Sankei,違う,1,動詞

Sankei,中国人,2,名詞

Sankei,念,4,名詞

Sankei,ワシントン,1,名詞

Sankei,合憲,1,名詞

Sankei,さかき,1,名詞

Sankei,岩井茂樹,1,名詞

Sankei,講和条約,1,名詞

Sankei,訪日,1,名詞

Sankei,敬い,1,動詞

Sankei,出す,1,動詞

Sankei,除く,1,動詞

Sankei,男,7,名詞

Sankei,今年,2,名詞

Sankei,朝鮮,2,名詞

Sankei,チャイナ,2,名詞

Sankei,横浜市,1,名詞

Sankei,今,1,名詞

Sankei,２１,8,名詞

Sankei,１０,2,名詞

Sankei,内閣,4,名詞

Sankei,妻,1,名詞

Sankei,祈念,1,名詞

Sankei,都内,2,名詞

Sankei,自ら,2,名詞

Sankei,閣議,3,名詞

Sankei,もの心,1,名詞

Sankei,例大祭,19,名詞

Sankei,議論,2,名詞

Sankei,調べ,2,動詞

Sankei,自民党,12,名詞

Sankei,参加,3,名詞

Sankei,交流,2,名詞

Sankei,同町,1,名詞

Sankei,引き起こす,1,動詞

Sankei,踏まえ,1,動詞

Sankei,合う,2,動詞

Sankei,燃え,1,動詞

Sankei,在任,1,名詞

Sankei,伊吹文明,1,名詞

Sankei,身,1,名詞

Sankei,少将,1,名詞

Sankei,身元,2,名詞

Sankei,述べ,17,動詞

Sankei,６０,2,名詞

Sankei,持っ,3,動詞

Sankei,１１１,1,名詞

Sankei,当時,2,名詞

Sankei,中将,1,名詞

Sankei,４,5,名詞

Sankei,初めて,2,名詞

Sankei,つながら,1,動詞

Sankei,反省,3,名詞

Sankei,自制,1,名詞

Sankei,年,3,名詞

Sankei,する,4,動詞

Sankei,太平洋,2,名詞

Sankei,７７,1,名詞

Sankei,通じ,1,動詞

Sankei,親日,1,名詞

Sankei,機,1,名詞

Sankei,伝え,3,動詞

Sankei,議院,1,名詞

Sankei,一線,1,名詞

Sankei,麹町,4,名詞

Sankei,当然,1,名詞

Sankei,リーダー,1,名詞

Sankei,あっ,3,動詞

Sankei,過去,1,名詞

Sankei,せ,1,動詞

Sankei,冥福,2,名詞

Sankei,特別,1,名詞

Sankei,国会議員,7,名詞

Sankei,聴取,1,名詞

Sankei,２４,2,名詞

Sankei,ペットボトル,2,名詞

Sankei,注視,2,名詞

Sankei,つくっ,1,動詞

Sankei,会見,1,名詞

Sankei,考え,4,動詞

Sankei,実際,1,名詞

Sankei,委員長,7,名詞

Sankei,築く,1,動詞

Sankei,訂正,1,名詞

Sankei,供物,11,名詞

Sankei,記者,6,名詞

Sankei,力,1,名詞

Sankei,先頭,1,名詞

Sankei,油,2,名詞

Sankei,適切,2,名詞

Sankei,時々,1,名詞

Sankei,日韓,1,名詞

Sankei,小野寺五典,1,名詞

Sankei,参拝客,1,名詞

Sankei,兼,2,名詞

Sankei,防止,2,名詞

Sankei,創造,1,名詞

Sankei,共同,9,名詞

Sankei,双方,1,名詞

Sankei,侵入,2,名詞

Sankei,サイパン,1,名詞

Sankei,米紙,1,名詞

Sankei,１６,1,名詞

Sankei,９３,1,名詞

Sankei,一幕,1,名詞

Sankei,眠っ,2,動詞

Sankei,記者会見,12,名詞

Sankei,祈っ,1,動詞

Sankei,日野市,2,名詞

Sankei,これまで,2,名詞

Sankei,くぎ,1,名詞

Sankei,最近,1,名詞

Sankei,奉納,25,名詞

Sankei,方針,3,名詞

Sankei,人,1,名詞

Sankei,ある,9,動詞

Sankei,６,4,名詞

Sankei,衝突,1,名詞

Sankei,関係,12,名詞

Sankei,自身,3,名詞

Sankei,期待,1,名詞

Sankei,気持ち,5,名詞

Sankei,親族,1,名詞

Sankei,見送る,3,動詞

Sankei,山谷,3,名詞

Sankei,表明,5,名詞

Sankei,刑事責任,1,名詞

Sankei,ナビナ,1,名詞

Sankei,批判,6,名詞

Sankei,午後,5,名詞

Sankei,再犯,1,名詞

Sankei,玉串料,7,名詞

Sankei,日本兵,1,名詞

Sankei,日中,7,名詞

Sankei,示す,2,動詞

Sankei,映画,1,名詞

Sankei,見解,2,名詞

Sankei,特攻,1,名詞

Sankei,責務,1,名詞

Sankei,隣国,1,名詞

Sankei,飛行,1,名詞

Sankei,施策,1,名詞

Sankei,哀悼,3,名詞

Sankei,森田,1,名詞

Sankei,急ぐ,1,動詞

Sankei,葬っ,2,動詞

Sankei,戦略,1,名詞

Sankei,こと,47,名詞

Sankei,安否,1,名詞

Sankei,目指す,1,動詞

Sankei,放火,2,名詞

Sankei,大使,1,名詞

Sankei,米,1,名詞

Sankei,しれ,1,動詞

Sankei,展示,1,名詞

Sankei,湖西市,1,名詞

Sankei,紹介,1,名詞

Sankei,谷垣禎一,1,名詞

Sankei,振り返り,1,動詞

Sankei,印,1,名詞

Sankei,能力,1,名詞

Sankei,逢沢一郎,1,名詞

Sankei,受け止め,1,動詞

Sankei,心,2,名詞

Sankei,文化,1,名詞

Sankei,インタビュー,1,名詞

Sankei,民主党,2,名詞

Sankei,うずくまっ,2,動詞

Sankei,握手,1,名詞

Sankei,アベノミクス,1,名詞

Sankei,感じる,1,動詞

Sankei,場所,1,名詞

Sankei,学び,1,動詞

Sankei,昨年,6,名詞

Sankei,緊張,1,名詞

Sankei,記録,1,名詞

Sankei,取っ,1,動詞

Sankei,追悼,2,名詞

Sankei,訪れ,4,動詞

Sankei,グローバー,1,名詞

Sankei,生還,1,名詞

Sankei,動向,2,名詞

Sankei,出さ,1,動詞

Sankei,高市早苗,7,名詞

Sankei,遺品,1,名詞

Sankei,インド,2,名詞

Sankei,姿,2,名詞

Sankei,置く,1,動詞

Sankei,日米,1,名詞

Sankei,元気,1,名詞

Sankei,小里泰弘,1,名詞

Sankei,労働党,1,名詞

Sankei,同日,7,名詞

Sankei,主権,2,名詞

Sankei,インパール作戦,2,名詞

Sankei,できる,1,動詞

Sankei,マイナス,1,名詞

Sankei,ジャカルタ,1,名詞

Sankei,平沼赳夫,1,名詞

Sankei,対話,2,名詞

Sankei,得る,1,動詞

Sankei,多く,1,名詞

Sankei,特派員,2,名詞

Sankei,外相,2,名詞

Sankei,異常,1,名詞

Sankei,グループ,1,名詞

Sankei,ぬぐい,2,動詞

Sankei,同署,4,名詞

Sankei,微妙,1,名詞

Sankei,英国,1,名詞

Sankei,和解,1,名詞

Sankei,正義,1,名詞

Sankei,出撃,1,名詞

Sankei,立と,1,動詞

Sankei,つもり,1,名詞

Sankei,大学,1,名詞

Sankei,始まっ,5,動詞

Sankei,日,8,名詞

Sankei,現行犯,2,名詞

Sankei,当初,1,名詞

Sankei,高市,4,名詞

Sankei,生まれで,1,動詞

Sankei,火災,1,名詞

Sankei,赴き,2,動詞

Sankei,務め,1,動詞

Sankei,米政府,2,名詞

Sankei,８１,1,名詞

Sankei,連絡,1,名詞

Sankei,立件,1,名詞

Sankei,父親,1,名詞

Sankei,出火,2,名詞

Sankei,欧州,1,名詞

Sankei,安定,1,名詞

Sankei,王冠,1,名詞

Sankei,尾辻,2,名詞

Sankei,靖国神社,64,名詞

Sankei,１７,11,名詞

Sankei,李克強,1,名詞

Sankei,過ごし,1,動詞

Sankei,名義,1,名詞

Sankei,従業,1,名詞

Sankei,合わせる,2,動詞

Sankei,問わ,1,動詞

Sankei,促す,1,動詞

Sankei,行く,1,動詞

Sankei,繰り返し,1,動詞

Sankei,面会,1,名詞

Sankei,首相,45,名詞

Sankei,ジョン,1,名詞

