Source,Word,Count,Type
Sankei,山谷えり子,4,名詞
Sankei,メートル,1,名詞
Sankei,広島県,1,名詞
Sankei,講演,1,名詞
Sankei,新聞,1,名詞
Sankei,行為,4,名詞
Sankei,友人,1,名詞
Sankei,中曽根康弘,1,名詞
Sankei,呼ば,8,動詞
Sankei,米国,1,名詞
Sankei,訪問,7,名詞
Sankei,とき,2,名詞
Sankei,神,1,名詞
Sankei,練馬区,1,名詞
Sankei,それぞれ,3,名詞
Sankei,解放,1,名詞
Sankei,朝,1,名詞
Sankei,１００,1,名詞
Sankei,誠,7,名詞
Sankei,処理,1,名詞
Sankei,なら,1,動詞
Sankei,関し,5,動詞
Sankei,発表,4,名詞
Sankei,部隊,1,名詞
Sankei,もっ,2,動詞
Sankei,終戦,8,名詞
Sankei,新京報,1,名詞
Sankei,前提,1,名詞
Sankei,見送っ,2,動詞
Sankei,控える,1,動詞
Sankei,９２,1,名詞
Sankei,見出し,1,名詞
Sankei,稲田,2,名詞
Sankei,参拝,99,名詞
Sankei,受け,4,動詞
Sankei,額,2,名詞
Sankei,ネパール,5,名詞
Sankei,平方,1,名詞
Sankei,み,2,動詞
Sankei,運営,1,名詞
Sankei,持ち,1,動詞
Sankei,答弁書,2,名詞
Sankei,いえる,1,動詞
Sankei,墓地,1,名詞
Sankei,配慮,4,名詞
Sankei,担当,7,名詞
Sankei,尽くさ,1,動詞
Sankei,国内,1,名詞
Sankei,感慨,1,名詞
Sankei,ところ,1,名詞
Sankei,２６,2,名詞
Sankei,わたっ,1,動詞
Sankei,紳士協定,1,名詞
Sankei,小野寺,1,名詞
Sankei,改革,2,名詞
Sankei,義則,1,名詞
Sankei,もの,4,名詞
Sankei,戦地,2,名詞
Sankei,かい,1,名詞
Sankei,鎮魂,1,名詞
Sankei,管理,1,名詞
Sankei,カルキ,1,名詞
Sankei,一人,1,名詞
Sankei,復帰,1,名詞
Sankei,示唆,1,名詞
Sankei,６９,1,名詞
Sankei,ま,1,動詞
Sankei,よしひで,1,名詞
Sankei,５,5,名詞
Sankei,有村,2,名詞
Sankei,出し,2,動詞
Sankei,稲田朋美,1,名詞
Sankei,補佐官,1,名詞
Sankei,就任,1,名詞
Sankei,世界,1,名詞
Sankei,思っ,3,動詞
Sankei,監督,1,名詞
Sankei,中国側,1,名詞
Sankei,間,3,名詞
Sankei,総理,3,名詞
Sankei,そば,4,名詞
Sankei,象徴,2,名詞
Sankei,申し上げ,1,動詞
Sankei,いずれ,1,名詞
Sankei,解消,1,名詞
Sankei,男性,1,名詞
Sankei,政権,3,名詞
Sankei,対する,3,動詞
Sankei,九段,2,名詞
Sankei,美容,1,名詞
Sankei,論評,8,名詞
Sankei,入っ,2,動詞
Sankei,小泉純一郎,1,名詞
Sankei,軍国,2,名詞
Sankei,北京,2,名詞
Sankei,ハーフ,2,名詞
Sankei,よっ,1,動詞
Sankei,中韓,2,名詞
Sankei,責任,1,名詞
Sankei,捨て,1,動詞
Sankei,対策,1,名詞
Sankei,激戦,2,名詞
Sankei,メディア,1,名詞
Sankei,献花,1,名詞
Sankei,影響,1,名詞
Sankei,南東,1,名詞
Sankei,藤本,1,名詞
Sankei,秋,1,名詞
Sankei,静岡県,1,名詞
Sankei,ネス,1,名詞
Sankei,泰朗,1,名詞
Sankei,本人,1,名詞
Sankei,接近,1,名詞
Sankei,産業,1,名詞
Sankei,長官,5,名詞
Sankei,同様,1,名詞
Sankei,千葉県,1,名詞
Sankei,語り,2,動詞
Sankei,遺骨,1,名詞
Sankei,秩序,1,名詞
Sankei,しんし,1,名詞
Sankei,促し,2,動詞
Sankei,シンガポール,1,名詞
Sankei,北朝鮮,2,名詞
Sankei,記念,2,名詞
Sankei,自称,1,名詞
Sankei,２０,8,名詞
Sankei,いう,9,動詞
Sankei,通信,1,名詞
Sankei,名村,1,名詞
Sankei,戦犯,2,名詞
Sankei,森田健作,1,名詞
Sankei,侵略,4,名詞
Sankei,取り組む,1,動詞
Sankei,戦没者,7,名詞
Sankei,犠牲,1,名詞
Sankei,落とし,1,動詞
Sankei,報道官,9,名詞
Sankei,訴え,1,動詞
Sankei,石,1,名詞
Sankei,関心,2,名詞
Sankei,自然,1,名詞
Sankei,デーリー,2,名詞
Sankei,１１０,1,名詞
Sankei,再生,2,名詞
Sankei,浦山,2,名詞
Sankei,捕虜,1,名詞
Sankei,美化,2,名詞
Sankei,昭和,4,名詞
Sankei,８,6,名詞
Sankei,コヒマ,2,名詞
Sankei,出身,1,名詞
Sankei,超す,1,動詞
Sankei,みたま,1,名詞
Sankei,戦死,3,名詞
Sankei,母,1,名詞
Sankei,顔,1,名詞
Sankei,知事,4,名詞
Sankei,植民地,1,名詞
Sankei,スーツ,1,名詞
Sankei,発展,5,名詞
Sankei,外交,1,名詞
Sankei,慰め,1,動詞
Sankei,国民,2,名詞
Sankei,霊,7,名詞
Sankei,了解,2,名詞
Sankei,宣言,1,名詞
Sankei,動かす,1,動詞
Sankei,佐藤幸徳,1,名詞
Sankei,記憶,1,名詞
Sankei,党,6,名詞
Sankei,７,1,名詞
Sankei,２,5,名詞
Sankei,祈り,1,動詞
Sankei,学校,1,名詞
Sankei,建造物,2,名詞
Sankei,見学,1,名詞
Sankei,働き掛け,1,動詞
Sankei,法務省,1,名詞
Sankei,失望,2,名詞
Sankei,松島,2,名詞
Sankei,政治,2,名詞
Sankei,指導者,2,名詞
Sankei,洪,2,名詞
Sankei,８８,1,名詞
Sankei,職責,1,名詞
Sankei,豊島区,1,名詞
Sankei,展開,2,名詞
Sankei,イタリア,1,名詞
Sankei,強調,4,名詞
Sankei,形,2,名詞
Sankei,上,1,名詞
Sankei,２００５,1,名詞
Sankei,身内,1,名詞
Sankei,議連,1,名詞
Sankei,アフリカ,1,名詞
Sankei,自衛隊,1,名詞
Sankei,九,7,名詞
Sankei,春季,5,名詞
Sankei,メンバー,2,名詞
Sankei,北東部,1,名詞
Sankei,産経新聞,1,名詞
Sankei,塩崎恭久,1,名詞
Sankei,サンフランシスコ,1,名詞
Sankei,軍兵士,2,名詞
Sankei,幸運,1,名詞
Sankei,舞台,1,名詞
Sankei,態度,2,名詞
Sankei,局長,1,名詞
Sankei,１１,4,名詞
Sankei,師団,3,名詞
Sankei,体制,1,名詞
Sankei,思い,3,動詞
Sankei,王毅,1,名詞
Sankei,向け,4,動詞
Sankei,存立,1,名詞
Sankei,防衛,1,名詞
Sankei,翌年,1,名詞
Sankei,Ａ級,1,名詞
Sankei,真榊,15,名詞
Sankei,新華社,2,名詞
Sankei,根本,1,名詞
Sankei,陸軍,2,名詞
Sankei,知ら,1,動詞
Sankei,順守,1,名詞
Sankei,持ち続け,1,動詞
Sankei,刺し,1,動詞
Sankei,国際,2,名詞
Sankei,歓待,1,名詞
Sankei,自粛,1,名詞
Sankei,皆さん,1,名詞
Sankei,各地,2,名詞
Sankei,代表,2,名詞
Sankei,政府,9,名詞
Sankei,誇り,2,動詞
Sankei,進め,2,動詞
Sankei,２９,2,名詞
Sankei,東京,8,名詞
Sankei,記帳,1,名詞
Sankei,逮捕,3,名詞
Sankei,ロンドン,1,名詞
Sankei,出席者,1,名詞
Sankei,率い,1,動詞
Sankei,７０,2,名詞
Sankei,いる,1,動詞
Sankei,反対,5,名詞
Sankei,抗議,1,名詞
Sankei,武藤容治,1,名詞
Sankei,つい,18,動詞
Sankei,無職,2,名詞
Sankei,行動,6,名詞
Sankei,山口那津男,1,名詞
Sankei,宮司,1,名詞
Sankei,当局者,1,名詞
Sankei,可能性,2,名詞
Sankei,法務,2,名詞
Sankei,語っ,6,動詞
Sankei,分かっ,1,動詞
Sankei,お喜び,1,名詞
Sankei,伝統,1,名詞
Sankei,１４,3,名詞
Sankei,千代田区,6,名詞
Sankei,関連,1,名詞
Sankei,矢,1,名詞
Sankei,拉致,5,名詞
Sankei,味わっ,1,動詞
Sankei,軍人,1,名詞
Sankei,入校,1,名詞
Sankei,カバン,1,名詞
Sankei,尊崇,3,名詞
Sankei,英軍,2,名詞
Sankei,人民,1,名詞
Sankei,性質,1,名詞
Sankei,殉じ,2,動詞
Sankei,名,3,名詞
Sankei,当たり前,1,名詞
Sankei,内藤,1,名詞
Sankei,形容,1,名詞
Sankei,共通,1,名詞
Sankei,議員,17,名詞
Sankei,超,1,名詞
Sankei,分かれる,1,動詞
Sankei,長男,1,名詞
Sankei,一方,3,名詞
Sankei,戦っ,3,動詞
Sankei,意味,1,名詞
Sankei,主張,3,名詞
Sankei,修治,1,名詞
Sankei,方,4,名詞
Sankei,敬意,2,名詞
Sankei,質問,4,名詞
Sankei,ウタパル,1,名詞
Sankei,政治家,1,名詞
Sankei,一昨年,1,名詞
Sankei,敵,1,名詞
Sankei,屋根,1,名詞
Sankei,有村治子,3,名詞
Sankei,方法,1,名詞
Sankei,悪化,3,名詞
Sankei,戦い,3,名詞
Sankei,世代,2,名詞
Sankei,退役,1,名詞
Sankei,震え,2,動詞
Sankei,拍手,1,名詞
Sankei,健全,1,名詞
Sankei,信任,1,名詞
Sankei,出席,2,名詞
Sankei,王,1,名詞
Sankei,戦後,1,名詞
Sankei,シャングリラ,1,名詞
Sankei,亡くなっ,2,動詞
Sankei,１８,3,名詞
Sankei,先,2,名詞
Sankei,あいさつ,1,名詞
Sankei,新藤義孝,4,名詞
Sankei,なる,5,動詞
Sankei,政務官,3,名詞
Sankei,し,36,動詞
Sankei,以降,1,名詞
Sankei,榊,1,名詞
Sankei,苦しみ,1,動詞
Sankei,真,1,名詞
Sankei,見通し,1,動詞
Sankei,話,2,名詞
Sankei,ボルプジャリ,1,名詞
Sankei,忘れ,1,動詞
Sankei,今後,3,名詞
Sankei,運用,1,名詞
Sankei,けが人,1,名詞
Sankei,女性,3,名詞
Sankei,協力,2,名詞
Sankei,会話,1,名詞
Sankei,実現,3,名詞
Sankei,電子,1,名詞
Sankei,手,6,名詞
Sankei,維新,2,名詞
Sankei,燃やし,1,動詞
Sankei,文部,1,名詞
Sankei,ＡＰＥＣ,2,名詞
Sankei,山形県,1,名詞
Sankei,時間,2,名詞
Sankei,夏,1,名詞
Sankei,ニュース,1,名詞
Sankei,英,4,名詞
Sankei,在住,3,名詞
Sankei,さまざま,1,名詞
Sankei,祖父,1,名詞
Sankei,触れ,1,動詞
Sankei,施設,1,名詞
Sankei,注ぐ,1,動詞
Sankei,いつのり,1,名詞
Sankei,党首,1,名詞
Sankei,泰二,1,名詞
Sankei,説明,3,名詞
Sankei,韓日,1,名詞
Sankei,企画,1,名詞
Sankei,フィリピン,1,名詞
Sankei,国策,2,名詞
Sankei,改造,1,名詞
Sankei,指揮,1,名詞
Sankei,予断,1,名詞
Sankei,やっ,1,動詞
Sankei,歩み,4,動詞
Sankei,吉田,1,名詞
Sankei,補佐,1,名詞
Sankei,夕食会,1,名詞
Sankei,判断,5,名詞
Sankei,一念,1,名詞
Sankei,ＴＰＰ,1,名詞
Sankei,両国,2,名詞
Sankei,訪中,1,名詞
Sankei,感謝,6,名詞
Sankei,見送り,1,動詞
Sankei,菅義偉,3,名詞
Sankei,３０,2,名詞
Sankei,一,1,名詞
Sankei,答え,5,動詞
Sankei,高齢,1,名詞
Sankei,国務省,1,名詞
Sankei,天国,1,名詞
Sankei,一部,3,名詞
Sankei,公式,1,名詞
Sankei,いい,1,動詞
Sankei,会員,1,名詞
Sankei,社説,2,名詞
Sankei,示し,9,動詞
Sankei,テレビ,1,名詞
Sankei,社殿,1,名詞
Sankei,来,2,動詞
Sankei,英霊,5,名詞
Sankei,中央,2,名詞
Sankei,灯油,1,名詞
Sankei,安全保障,1,名詞
Sankei,聖良,1,名詞
Sankei,対象,1,名詞
Sankei,参謀,1,名詞
Sankei,法,1,名詞
Sankei,春,2,名詞
Sankei,言わ,1,動詞
Sankei,訪れる,1,動詞
Sankei,納め,1,動詞
Sankei,山崎正昭,1,名詞
Sankei,２８,2,名詞
Sankei,警戒感,1,名詞
Sankei,午前,11,名詞
Sankei,所属,2,名詞
Sankei,歴史観,1,名詞
Sankei,私人,2,名詞
Sankei,公明,1,名詞
Sankei,結果,1,名詞
Sankei,ささげ,13,動詞
Sankei,とっ,1,動詞
Sankei,き,5,動詞
Sankei,中,4,名詞
Sankei,応じ,1,動詞
Sankei,明確,1,名詞
Sankei,党派,8,名詞
Sankei,映像,1,名詞
Sankei,中央区,1,名詞
Sankei,千鳥ケ淵,1,名詞
Sankei,直視,3,名詞
Sankei,他国,1,名詞
Sankei,墓苑,1,名詞
Sankei,コメント,2,名詞
Sankei,平成,2,名詞
Sankei,洪磊,3,名詞
Sankei,まつら,1,動詞
Sankei,歴史,9,名詞
Sankei,そらす,1,動詞
Sankei,目的,1,名詞
Sankei,受け取っ,1,動詞
Sankei,対応,4,名詞
Sankei,戦争,3,名詞
Sankei,端的,1,名詞
Sankei,次世代,3,名詞
Sankei,赤池誠章,1,名詞
Sankei,ため,13,名詞
Sankei,山下芳生,1,名詞
Sankei,集団,5,名詞
Sankei,入国,1,名詞
Sankei,保土ケ谷区,1,名詞
Sankei,なさっ,1,動詞
Sankei,評価,1,名詞
Sankei,完遂,1,名詞
Sankei,参拝者,2,名詞
Sankei,木箱,1,名詞
Sankei,平和,7,名詞
Sankei,分野,1,名詞
Sankei,慰霊,4,名詞
Sankei,ＡＳＥＭ,2,名詞
Sankei,避ける,2,動詞
Sankei,決別,1,名詞
Sankei,比護,1,名詞
Sankei,遊就館,1,名詞
Sankei,一行,2,名詞
Sankei,立国,1,名詞
Sankei,個別,1,名詞
Sankei,会議,10,名詞
Sankei,ディ,1,名詞
Sankei,コルチェスター,1,名詞
Sankei,まっとう,1,名詞
Sankei,慨嘆,1,名詞
Sankei,慎ん,1,動詞
Sankei,大臣,6,名詞
Sankei,３４,1,名詞
Sankei,中国,12,名詞
Sankei,中日,3,名詞
Sankei,駆けつけ,1,動詞
Sankei,談話,3,名詞
Sankei,みんな,5,名詞
Sankei,法相,3,名詞
Sankei,深める,1,動詞
Sankei,協会,3,名詞
Sankei,活躍,3,名詞
Sankei,拝む,1,動詞
Sankei,インドネシア,1,名詞
Sankei,本部長,1,名詞
Sankei,衛藤晟一,1,名詞
Sankei,容疑,4,名詞
Sankei,被害者,1,名詞
Sankei,公安,6,名詞
Sankei,日英,1,名詞
Sankei,沢本,1,名詞
Sankei,これ,3,名詞
Sankei,東シナ海,1,名詞
Sankei,後,4,名詞
Sankei,観光,1,名詞
Sankei,秋季,10,名詞
Sankei,取り組み,1,動詞
Sankei,ほか,2,名詞
Sankei,隆寛,1,名詞
Sankei,意向,2,名詞
Sankei,開門,2,名詞
Sankei,個人,3,名詞
Sankei,存在,1,名詞
Sankei,お参り,2,名詞
Sankei,社会,1,名詞
Sankei,共産党,1,名詞
Sankei,ロイ,1,名詞
Sankei,主義,2,名詞
Sankei,二,2,名詞
Sankei,書記,1,名詞
Sankei,守っ,3,動詞
Sankei,経済,6,名詞
Sankei,他,1,名詞
Sankei,目,1,名詞
Sankei,前置き,1,名詞
Sankei,公然,1,名詞
Sankei,同行,1,名詞
Sankei,亡くし,1,動詞
Sankei,ソウル,2,名詞
Sankei,松島みどり,1,名詞
Sankei,得,1,動詞
Sankei,ウェランド,1,名詞
Sankei,議長,2,名詞
Sankei,後期,1,名詞
Sankei,古屋圭司,4,名詞
Sankei,マッチ,1,名詞
Sankei,行政,1,名詞
Sankei,解決,1,名詞
Sankei,豊,1,名詞
Sankei,会社員,1,名詞
Sankei,経緯,2,名詞
Sankei,会長,8,名詞
Sankei,労働,5,名詞
Sankei,掲載,2,名詞
Sankei,立場,2,名詞
Sankei,軍機,1,名詞
Sankei,姉妹,1,名詞
Sankei,閣僚,10,名詞
Sankei,料理店,1,名詞
Sankei,厚生,4,名詞
Sankei,全国,2,名詞
Sankei,首脳,8,名詞
Sankei,身柄,1,名詞
Sankei,それ,1,名詞
Sankei,姿勢,3,名詞
Sankei,関する,2,動詞
Sankei,バンドン,1,名詞
Sankei,せいら,1,名詞
Sankei,幹事,1,名詞
Sankei,英字,1,名詞
Sankei,鎮,5,名詞
Sankei,とどめ,1,動詞
Sankei,玉井,1,名詞
Sankei,連携,1,名詞
Sankei,各国,1,名詞
Sankei,非難,2,名詞
Sankei,近隣国,2,名詞
Sankei,海上,1,名詞
Sankei,期間,4,名詞
Sankei,ちなみ,1,動詞
Sankei,総務,11,名詞
Sankei,科学,1,名詞
Sankei,母国,1,名詞
Sankei,尾辻秀久,4,名詞
Sankei,直接,2,名詞
Sankei,国益,1,名詞
Sankei,広島市,1,名詞
Sankei,方向,3,名詞
Sankei,求め,3,動詞
Sankei,加わっ,1,動詞
Sankei,誓い,1,動詞
Sankei,示さ,1,動詞
Sankei,今回,3,名詞
Sankei,合わせ,15,動詞
Sankei,農業,1,名詞
Sankei,予定,6,名詞
Sankei,不戦,1,名詞
Sankei,場,1,名詞
Sankei,参加者,1,名詞
Sankei,発信,1,名詞
Sankei,衆院,3,名詞
Sankei,アジア欧州会議,1,名詞
Sankei,権利,1,名詞
Sankei,課題,1,名詞
Sankei,声,1,名詞
Sankei,成長,1,名詞
Sankei,続け,1,動詞
Sankei,入り,1,動詞
Sankei,際,3,名詞
Sankei,日程,1,名詞
Sankei,安倍晋三,25,名詞
Sankei,与野党,1,名詞
Sankei,連盟,9,名詞
Sankei,応じる,1,動詞
Sankei,祈る,1,動詞
Sankei,若葉,1,名詞
Sankei,東京都,8,名詞
Sankei,かけ,2,動詞
Sankei,機関,1,名詞
Sankei,確保,2,名詞
Sankei,招い,1,動詞
Sankei,１,3,名詞
Sankei,回復,1,名詞
Sankei,李氏,1,名詞
Sankei,総裁,3,名詞
Sankei,障害,1,名詞
Sankei,敷地,2,名詞
Sankei,いたし,1,動詞
Sankei,誤っ,1,動詞
Sankei,外務省,6,名詞
Sankei,イデオロギー,1,名詞
Sankei,ご自分,1,名詞
Sankei,アジア,6,名詞
Sankei,考え方,1,名詞
Sankei,代理,2,名詞
Sankei,萩生田,1,名詞
Sankei,包ま,1,動詞
Sankei,感じ,1,動詞
Sankei,主意書,1,名詞
Sankei,会談,5,名詞
Sankei,党幹部,1,名詞
Sankei,迎え,1,動詞
Sankei,遺族,2,名詞
Sankei,入れ,1,動詞
Sankei,エネルギー,1,名詞
Sankei,人類,1,名詞
Sankei,２５,1,名詞
Sankei,務める,1,動詞
Sankei,現職,1,名詞
Sankei,日本人,3,名詞
Sankei,述べる,1,動詞
Sankei,有無,1,名詞
Sankei,自然体,1,名詞
Sankei,供述,3,名詞
Sankei,ささげる,1,動詞
Sankei,起こさ,1,動詞
Sankei,考える,1,動詞
Sankei,弟,1,名詞
Sankei,恒久,1,名詞
Sankei,一国,1,名詞
Sankei,家族,2,名詞
Sankei,方々,6,名詞
Sankei,指摘,2,名詞
Sankei,修正,1,名詞
Sankei,落ち,2,動詞
Sankei,１５,13,名詞
Sankei,よる,6,動詞
Sankei,調べる,1,動詞
Sankei,焼け,1,動詞
Sankei,すが,1,名詞
Sankei,浜田和幸,1,名詞
Sankei,呉市,1,名詞
Sankei,１２,6,名詞
Sankei,問題,10,名詞
Sankei,環太平洋,1,名詞
Sankei,対し,6,動詞
Sankei,画し,1,動詞
Sankei,毎年,2,名詞
Sankei,発足,3,名詞
Sankei,韓国,5,名詞
Sankei,一員,1,名詞
Sankei,信用,1,名詞
Sankei,聯合,1,名詞
Sankei,目立ち,1,動詞
Sankei,禁じ得,2,動詞
Sankei,おい,1,動詞
Sankei,情報,1,名詞
Sankei,改善,2,名詞
Sankei,早期,1,名詞
Sankei,安倍,10,名詞
Sankei,９,1,名詞
Sankei,明かし,1,動詞
Sankei,会場,1,名詞
Sankei,８３,1,名詞
Sankei,駐日,1,名詞
Sankei,英連邦,1,名詞
Sankei,御霊,3,名詞
Sankei,通報,1,名詞
Sankei,衆院選,1,名詞
Sankei,根本匠,1,名詞
Sankei,神社,6,名詞
Sankei,戦死者,3,名詞
Sankei,意思,1,名詞
Sankei,一定,1,名詞
Sankei,公明党,1,名詞
Sankei,関係者,2,名詞
Sankei,参院,4,名詞
Sankei,政調,3,名詞
Sankei,結ん,1,動詞
Sankei,避け,2,動詞
Sankei,フード,1,名詞
Sankei,警視庁,2,名詞
Sankei,会,5,名詞
Sankei,北,9,名詞
Sankei,向き合い,1,動詞
Sankei,懸念,1,名詞
Sankei,行か,1,動詞
Sankei,萩生田光一,1,名詞
Sankei,環境,1,名詞
Sankei,国家,9,名詞
Sankei,官房,5,名詞
Sankei,節目,1,名詞
Sankei,崇敬,1,名詞
Sankei,２２,5,名詞
Sankei,魂,1,名詞
Sankei,汗,2,名詞
Sankei,ポスト,1,名詞
Sankei,前,2,名詞
Sankei,確認,2,名詞
Sankei,決定,2,名詞
Sankei,思う,5,動詞
Sankei,国,11,名詞
Sankei,話し,4,動詞
Sankei,烈,1,名詞
Sankei,庄内町,1,名詞
Sankei,タイミング,2,名詞
Sankei,良心,1,名詞
Sankei,勉強,1,名詞
Sankei,祭っ,1,動詞
Sankei,議会,1,名詞
Sankei,私費,4,名詞
Sankei,１９８５,1,名詞
Sankei,上空,1,名詞
Sankei,挑戦,1,名詞
Sankei,時期,3,名詞
Sankei,報じ,2,動詞
Sankei,否定,5,名詞
Sankei,い,2,動詞
Sankei,日本,37,名詞
Sankei,外国,1,名詞
Sankei,発見,2,名詞
Sankei,３１,3,名詞
Sankei,復興,1,名詞
Sankei,２３,8,名詞
Sankei,大戦,3,名詞
Sankei,知っ,1,動詞
Sankei,明言,2,名詞
Sankei,行わ,2,動詞
Sankei,キャスト,1,名詞
Sankei,塗炭,1,名詞
Sankei,協定,1,名詞
Sankei,報道,2,名詞
Sankei,宗教,1,名詞
Sankei,欣也,1,名詞
Sankei,なっ,1,動詞
Sankei,発生,1,名詞
Sankei,定例,2,名詞
Sankei,署員,1,名詞
Sankei,感覚,1,名詞
Sankei,外壁,1,名詞
Sankei,開か,2,動詞
Sankei,私,3,名詞
Sankei,命,7,名詞
Sankei,ギャワリ,1,名詞
Sankei,焼身自殺,2,名詞
Sankei,質疑,1,名詞
Sankei,決める,1,動詞
Sankei,殺さ,1,動詞
Sankei,そっち,1,名詞
Sankei,行田,1,名詞
Sankei,靖国,4,名詞
Sankei,発効,1,名詞
Sankei,８４,1,名詞
Sankei,境内,1,名詞
Sankei,千葉市,1,名詞
Sankei,またい,1,動詞
Sankei,２７,2,名詞
Sankei,３,8,名詞
Sankei,長期,2,名詞
Sankei,わが国,1,名詞
Sankei,現地,1,名詞
Sankei,違う,1,動詞
Sankei,中国人,2,名詞
Sankei,念,4,名詞
Sankei,ワシントン,1,名詞
Sankei,合憲,1,名詞
Sankei,さかき,1,名詞
Sankei,岩井茂樹,1,名詞
Sankei,講和条約,1,名詞
Sankei,訪日,1,名詞
Sankei,敬い,1,動詞
Sankei,出す,1,動詞
Sankei,除く,1,動詞
Sankei,男,7,名詞
Sankei,今年,2,名詞
Sankei,朝鮮,2,名詞
Sankei,チャイナ,2,名詞
Sankei,横浜市,1,名詞
Sankei,今,1,名詞
Sankei,２１,8,名詞
Sankei,１０,2,名詞
Sankei,内閣,4,名詞
Sankei,妻,1,名詞
Sankei,祈念,1,名詞
Sankei,都内,2,名詞
Sankei,自ら,2,名詞
Sankei,閣議,3,名詞
Sankei,もの心,1,名詞
Sankei,例大祭,19,名詞
Sankei,議論,2,名詞
Sankei,調べ,2,動詞
Sankei,自民党,12,名詞
Sankei,参加,3,名詞
Sankei,交流,2,名詞
Sankei,同町,1,名詞
Sankei,引き起こす,1,動詞
Sankei,踏まえ,1,動詞
Sankei,合う,2,動詞
Sankei,燃え,1,動詞
Sankei,在任,1,名詞
Sankei,伊吹文明,1,名詞
Sankei,身,1,名詞
Sankei,少将,1,名詞
Sankei,身元,2,名詞
Sankei,述べ,17,動詞
Sankei,６０,2,名詞
Sankei,持っ,3,動詞
Sankei,１１１,1,名詞
Sankei,当時,2,名詞
Sankei,中将,1,名詞
Sankei,４,5,名詞
Sankei,初めて,2,名詞
Sankei,つながら,1,動詞
Sankei,反省,3,名詞
Sankei,自制,1,名詞
Sankei,年,3,名詞
Sankei,する,4,動詞
Sankei,太平洋,2,名詞
Sankei,７７,1,名詞
Sankei,通じ,1,動詞
Sankei,親日,1,名詞
Sankei,機,1,名詞
Sankei,伝え,3,動詞
Sankei,議院,1,名詞
Sankei,一線,1,名詞
Sankei,麹町,4,名詞
Sankei,当然,1,名詞
Sankei,リーダー,1,名詞
Sankei,あっ,3,動詞
Sankei,過去,1,名詞
Sankei,せ,1,動詞
Sankei,冥福,2,名詞
Sankei,特別,1,名詞
Sankei,国会議員,7,名詞
Sankei,聴取,1,名詞
Sankei,２４,2,名詞
Sankei,ペットボトル,2,名詞
Sankei,注視,2,名詞
Sankei,つくっ,1,動詞
Sankei,会見,1,名詞
Sankei,考え,4,動詞
Sankei,実際,1,名詞
Sankei,委員長,7,名詞
Sankei,築く,1,動詞
Sankei,訂正,1,名詞
Sankei,供物,11,名詞
Sankei,記者,6,名詞
Sankei,力,1,名詞
Sankei,先頭,1,名詞
Sankei,油,2,名詞
Sankei,適切,2,名詞
Sankei,時々,1,名詞
Sankei,日韓,1,名詞
Sankei,小野寺五典,1,名詞
Sankei,参拝客,1,名詞
Sankei,兼,2,名詞
Sankei,防止,2,名詞
Sankei,創造,1,名詞
Sankei,共同,9,名詞
Sankei,双方,1,名詞
Sankei,侵入,2,名詞
Sankei,サイパン,1,名詞
Sankei,米紙,1,名詞
Sankei,１６,1,名詞
Sankei,９３,1,名詞
Sankei,一幕,1,名詞
Sankei,眠っ,2,動詞
Sankei,記者会見,12,名詞
Sankei,祈っ,1,動詞
Sankei,日野市,2,名詞
Sankei,これまで,2,名詞
Sankei,くぎ,1,名詞
Sankei,最近,1,名詞
Sankei,奉納,25,名詞
Sankei,方針,3,名詞
Sankei,人,1,名詞
Sankei,ある,9,動詞
Sankei,６,4,名詞
Sankei,衝突,1,名詞
Sankei,関係,12,名詞
Sankei,自身,3,名詞
Sankei,期待,1,名詞
Sankei,気持ち,5,名詞
Sankei,親族,1,名詞
Sankei,見送る,3,動詞
Sankei,山谷,3,名詞
Sankei,表明,5,名詞
Sankei,刑事責任,1,名詞
Sankei,ナビナ,1,名詞
Sankei,批判,6,名詞
Sankei,午後,5,名詞
Sankei,再犯,1,名詞
Sankei,玉串料,7,名詞
Sankei,日本兵,1,名詞
Sankei,日中,7,名詞
Sankei,示す,2,動詞
Sankei,映画,1,名詞
Sankei,見解,2,名詞
Sankei,特攻,1,名詞
Sankei,責務,1,名詞
Sankei,隣国,1,名詞
Sankei,飛行,1,名詞
Sankei,施策,1,名詞
Sankei,哀悼,3,名詞
Sankei,森田,1,名詞
Sankei,急ぐ,1,動詞
Sankei,葬っ,2,動詞
Sankei,戦略,1,名詞
Sankei,こと,47,名詞
Sankei,安否,1,名詞
Sankei,目指す,1,動詞
Sankei,放火,2,名詞
Sankei,大使,1,名詞
Sankei,米,1,名詞
Sankei,しれ,1,動詞
Sankei,展示,1,名詞
Sankei,湖西市,1,名詞
Sankei,紹介,1,名詞
Sankei,谷垣禎一,1,名詞
Sankei,振り返り,1,動詞
Sankei,印,1,名詞
Sankei,能力,1,名詞
Sankei,逢沢一郎,1,名詞
Sankei,受け止め,1,動詞
Sankei,心,2,名詞
Sankei,文化,1,名詞
Sankei,インタビュー,1,名詞
Sankei,民主党,2,名詞
Sankei,うずくまっ,2,動詞
Sankei,握手,1,名詞
Sankei,アベノミクス,1,名詞
Sankei,感じる,1,動詞
Sankei,場所,1,名詞
Sankei,学び,1,動詞
Sankei,昨年,6,名詞
Sankei,緊張,1,名詞
Sankei,記録,1,名詞
Sankei,取っ,1,動詞
Sankei,追悼,2,名詞
Sankei,訪れ,4,動詞
Sankei,グローバー,1,名詞
Sankei,生還,1,名詞
Sankei,動向,2,名詞
Sankei,出さ,1,動詞
Sankei,高市早苗,7,名詞
Sankei,遺品,1,名詞
Sankei,インド,2,名詞
Sankei,姿,2,名詞
Sankei,置く,1,動詞
Sankei,日米,1,名詞
Sankei,元気,1,名詞
Sankei,小里泰弘,1,名詞
Sankei,労働党,1,名詞
Sankei,同日,7,名詞
Sankei,主権,2,名詞
Sankei,インパール作戦,2,名詞
Sankei,できる,1,動詞
Sankei,マイナス,1,名詞
Sankei,ジャカルタ,1,名詞
Sankei,平沼赳夫,1,名詞
Sankei,対話,2,名詞
Sankei,得る,1,動詞
Sankei,多く,1,名詞
Sankei,特派員,2,名詞
Sankei,外相,2,名詞
Sankei,異常,1,名詞
Sankei,グループ,1,名詞
Sankei,ぬぐい,2,動詞
Sankei,同署,4,名詞
Sankei,微妙,1,名詞
Sankei,英国,1,名詞
Sankei,和解,1,名詞
Sankei,正義,1,名詞
Sankei,出撃,1,名詞
Sankei,立と,1,動詞
Sankei,つもり,1,名詞
Sankei,大学,1,名詞
Sankei,始まっ,5,動詞
Sankei,日,8,名詞
Sankei,現行犯,2,名詞
Sankei,当初,1,名詞
Sankei,高市,4,名詞
Sankei,生まれで,1,動詞
Sankei,火災,1,名詞
Sankei,赴き,2,動詞
Sankei,務め,1,動詞
Sankei,米政府,2,名詞
Sankei,８１,1,名詞
Sankei,連絡,1,名詞
Sankei,立件,1,名詞
Sankei,父親,1,名詞
Sankei,出火,2,名詞
Sankei,欧州,1,名詞
Sankei,安定,1,名詞
Sankei,王冠,1,名詞
Sankei,尾辻,2,名詞
Sankei,靖国神社,64,名詞
Sankei,１７,11,名詞
Sankei,李克強,1,名詞
Sankei,過ごし,1,動詞
Sankei,名義,1,名詞
Sankei,従業,1,名詞
Sankei,合わせる,2,動詞
Sankei,問わ,1,動詞
Sankei,促す,1,動詞
Sankei,行く,1,動詞
Sankei,繰り返し,1,動詞
Sankei,面会,1,名詞
Sankei,首相,45,名詞
Sankei,ジョン,1,名詞
